"","name","abrev","PercCap","DesCap","FelOth","StafCap","Total","CivAdd","Yindex","Year"
"1","(AVENAL SP)","ASP","188.0","3,034","5,705","5,793","5,705",NA,"120","../data/CA_prison_pop_reports/July_1995.pdf"
"2","(CAL CORRECTL CTR)","CCC","156.5","3,682","5,763","5,637","5,763",NA,"129","../data/CA_prison_pop_reports/July_1995.pdf"
"3","(CAL CORRECTL INSTITN)","CCI","2,757","5,699","5,697","206.7","2","5,728","138","../data/CA_prison_pop_reports/July_1995.pdf"
"4","(CAL INSTITN FOR MEN)","CIM","2,778","5,700","5,645","205.2","55","5,371","147","../data/CA_prison_pop_reports/July_1995.pdf"
"5","(CAL MEDICAL FACIL)","CMF","130.6","2,335","3,050","3,339","3,050",NA,"165","../data/CA_prison_pop_reports/July_1995.pdf"
"6","(CAL COLONY)","CMC","158.8","3,859","6,128","6,474","6,128",NA,"174","../data/CA_prison_pop_reports/July_1995.pdf"
"7","(CAL REHAB MEN)","CRC","1,814","3,947","1,465","217.6","2,482","3,906","183","../data/CA_prison_pop_reports/July_1995.pdf"
"8","(CAL CALIPATRIA)","CAL","175.0","2,208","3,863","4,008","3,863",NA,"192","../data/CA_prison_pop_reports/July_1995.pdf"
"9","(CAL CENTINELA)","CEN","179.1","2,208","3,955","4,248","3,955",NA,"210","../data/CA_prison_pop_reports/July_1995.pdf"
"10","(CAL CORCORAN)","COR","2,916","5,072","5,071","173.9","1","4,736","219","../data/CA_prison_pop_reports/July_1995.pdf"
"11","(CAL LOS ANGELES CO)","LAC","181.9","2,200","4,002","4,000","4,002",NA,"228","../data/CA_prison_pop_reports/July_1995.pdf"
"12","(CAL SACRAMENTO)","SAC","186.9","1,728","3,229","3,108","3,229",NA,"237","../data/CA_prison_pop_reports/July_1995.pdf"
"13","(CAL SAN QUENTIN)","SQ","3,187","5,455","5,393","171.2","62","5,412","255","../data/CA_prison_pop_reports/July_1995.pdf"
"14","(CAL SOLANO)","SOL","196.5","2,404","4,723","4,830","4,723",NA,"264","../data/CA_prison_pop_reports/July_1995.pdf"
"15","(CHUCKAWALLA VALLEY SP)","CVSP","160.6","2,200","3,534","3,579","3,534",NA,"273","../data/CA_prison_pop_reports/July_1995.pdf"
"16","(CORRECTL TRAINING FACIL)","CTF","214.9","2,885","6,200","6,461","6,200",NA,"282","../data/CA_prison_pop_reports/July_1995.pdf"
"17","(DEUEL VOCATL INSTITN)","DVI","1,691","3,362","3,339","198.8","23","3,396","300","../data/CA_prison_pop_reports/July_1995.pdf"
"18","(FOLSOM SP)","FOL","180.0","2,064","3,715","3,710","3,715",NA,"310","../data/CA_prison_pop_reports/July_1995.pdf"
"19","(IRONWOOD SP)","IRON","173.8","2,200","3,823","3,500","3,823",NA,"319","../data/CA_prison_pop_reports/July_1995.pdf"
"20","(MULE CREEK SP)","MCSP","206.1","1,700","3,504","3,478","3,504",NA,"328","../data/CA_prison_pop_reports/July_1995.pdf"
"21","(NORTH KERN SP)","NKSP","2,492","4,348","4,344","174.5","4","4,372","346","../data/CA_prison_pop_reports/July_1995.pdf"
"22","(PELICAN BAY SP)","PBSP","156.4","2,280","3,565","3,730","3,565",NA,"355","../data/CA_prison_pop_reports/July_1995.pdf"
"23","(PLEASANT VALLEY SP)","PVSP","164.6","2,208","3,634","2,208","3,634",NA,"364","../data/CA_prison_pop_reports/July_1995.pdf"
"24","(RJ DONOVAN CORR FACIL)","RJD","2,200","4,616","4,615","209.8","1","4,516","373","../data/CA_prison_pop_reports/July_1995.pdf"
"25","(SANTA RITA","SRTA","205.6","395","812","750","812",NA,"391","../data/CA_prison_pop_reports/July_1995.pdf"
"26","(SIERRA CONSERV CTR)","SCC","150.2","3,606","5,416","5,884","5,416",NA,"400","../data/CA_prison_pop_reports/July_1995.pdf"
"27","(WASCO SP)","WSP","2,484","4,635","4,580","186.6","55","4,484","409","../data/CA_prison_pop_reports/July_1995.pdf"
"28","Male Total","MALE","65,515","117,455","114,770","179.3","2,685","116,658","437","../data/CA_prison_pop_reports/July_1995.pdf"
"29","(CAL INST FOR WOMEN)","CIW","1,026","1,857","1,826","181.0","31","1,904","482","../data/CA_prison_pop_reports/July_1995.pdf"
"30","(CAL REHAB WOMEN)","CRC","500","860","153","172.0","707","842","491","../data/CA_prison_pop_reports/July_1995.pdf"
"31","(CENT CAL FACIL)","CCWF","2,000","3,421","3,393","171.1","28","3,966","500","../data/CA_prison_pop_reports/July_1995.pdf"
"32","(NO CAL FACIL)","NCWF","400","760","755","190.0","5","760","509","../data/CA_prison_pop_reports/July_1995.pdf"
"33","(SIERRA CONSERV CTR)","SCC","103.4","320","331","320","331",NA,"519","../data/CA_prison_pop_reports/July_1995.pdf"
"34","(VALLEY SP)","VSP","111.1","1,084","1,204","1,084","1,204",NA,"528","../data/CA_prison_pop_reports/July_1995.pdf"
"35","Female Total","FEMALE","5,330","8,433","7,662","158.2","771","8,876","555","../data/CA_prison_pop_reports/July_1995.pdf"
"36","Total",NA,"70,845","125,888","122,432","177.7","3,456","125,534","591","../data/CA_prison_pop_reports/July_1995.pdf"
"37","(AVENAL SP)","ASP","247.1","2,320","5,733","5,793","5,733",NA,"120","../data/CA_prison_pop_reports/July_1996.pdf"
"38","(CAL CORRECTL CTR)","CCC","3,682","5,953","5,952","161.7","1","5,637","129","../data/CA_prison_pop_reports/July_1996.pdf"
"39","(CAL CORRECTL INSTITN)","CCI","214.3","2,781","5,959","5,942","5,959",NA,"138","../data/CA_prison_pop_reports/July_1996.pdf"
"40","(CAL INSTITN FOR MEN)","CIM","2,778","5,922","5,875","213.2","47","5,971","147","../data/CA_prison_pop_reports/July_1996.pdf"
"41","(CAL MEDICAL FACIL)","CMF","136.4","2,315","3,158","3,377","3,158",NA,"165","../data/CA_prison_pop_reports/July_1996.pdf"
"42","(CAL COLONY)","CMC","161.0","3,884","6,254","6,474","6,254",NA,"174","../data/CA_prison_pop_reports/July_1996.pdf"
"43","(CAL REHAB MEN)","CRC","1,814","3,968","2,171","218.7","1,797","3,906","183","../data/CA_prison_pop_reports/July_1996.pdf"
"44","(CAL CALIPATRIA)","CAL","170.9","2,208","3,773","4,108","3,773",NA,"192","../data/CA_prison_pop_reports/July_1996.pdf"
"45","(CAL CENTINELA)","CEN","203.7","2,208","4,497","4,368","4,497",NA,"210","../data/CA_prison_pop_reports/July_1996.pdf"
"46","(CAL CORCORAN)","COR","160.2","2,916","4,672","5,084","4,672",NA,"219","../data/CA_prison_pop_reports/July_1996.pdf"
"47","(CAL LOS ANGELES CO)","LAC","187.9","2,200","4,134","4,120","4,134",NA,"228","../data/CA_prison_pop_reports/July_1996.pdf"
"48","(CAL SACRAMENTO)","SAC","1,728","3,227","3,225","186.7","2","3,204","237","../data/CA_prison_pop_reports/July_1996.pdf"
"49","(CAL SAN QUENTIN)","SQ","3,283","5,731","5,703","174.6","28","5,721","255","../data/CA_prison_pop_reports/July_1996.pdf"
"50","(CAL SOLANO)","SOL","225.5","2,110","4,757","4,777","4,757",NA,"264","../data/CA_prison_pop_reports/July_1996.pdf"
"51","(CHUCKAWALLA VALLEY SP)","CVSP","199.8","1,738","3,472","3,579","3,472",NA,"273","../data/CA_prison_pop_reports/July_1996.pdf"
"52","(CORRL TRAING FAC)","CTF","2,981","6,304","6,302","211.5","2","6,461","282","../data/CA_prison_pop_reports/July_1996.pdf"
"53","(DEUEL VOCATL INSTITN)","DVI","1,787","3,529","3,499","197.5","30","3,706","300","../data/CA_prison_pop_reports/July_1996.pdf"
"54","(FOLSOM SP)","FOL","2,064","3,843","3,842","186.2","1","3,710","310","../data/CA_prison_pop_reports/July_1996.pdf"
"55","(HIGH DESERT SP)","HDP","2,224","4,043","4,041","181.8","2","4,046","319","../data/CA_prison_pop_reports/July_1996.pdf"
"56","(IRONWOOD SP)","IRON","196.1","2,200","4,315","4,360","4,315",NA,"328","../data/CA_prison_pop_reports/July_1996.pdf"
"57","(MULE CREEK SP)","MCSP","212.8","1,700","3,618","3,562","3,618",NA,"346","../data/CA_prison_pop_reports/July_1996.pdf"
"58","(NORTH KERN SP)","NKSP","2,492","4,530","4,529","181.8","1","4,472","355","../data/CA_prison_pop_reports/July_1996.pdf"
"59","(PELICAN BAY SP)","PBSP","151.9","2,280","3,463","3,711","3,463",NA,"364","../data/CA_prison_pop_reports/July_1996.pdf"
"60","(PLEASANT VALLEY SP)","PVSP","204.5","2,208","4,515","4,488","4,515",NA,"373","../data/CA_prison_pop_reports/July_1996.pdf"
"61","(RJ DONOVAN CORR FACIL)","RJD","205.7","2,200","4,526","4,566","4,526",NA,"391","../data/CA_prison_pop_reports/July_1996.pdf"
"62","(SALINAS VAL SP)","SVSP","254.3","700","1,780","700","1,780",NA,"400","../data/CA_prison_pop_reports/July_1996.pdf"
"63","(SANTA RITA","SRTA","750","769","768",NA,"1",NA,"409","../data/CA_prison_pop_reports/July_1996.pdf"
"64","(SIERRA CONSERV CTR)","SCC","163.8","3,606","5,907","5,884","5,907",NA,"419","../data/CA_prison_pop_reports/July_1996.pdf"
"65","(WASCO SP)","WSP","2,484","4,498","4,470","181.1","28","4,484","437","../data/CA_prison_pop_reports/July_1996.pdf"
"66","Male Total","MALE","66,891","126,850","124,910","189.6","1,940","126,961","464","../data/CA_prison_pop_reports/July_1996.pdf"
"67","(CAL INST FOR WOMEN)","CIW","1,026","1,732","1,709","168.8","23","1,646","509","../data/CA_prison_pop_reports/July_1996.pdf"
"68","(CAL REHAB WOMEN)","CRC","500","862","211","172.4","651","842","519","../data/CA_prison_pop_reports/July_1996.pdf"
"69","(CENT CAL FACIL)","CCWF","2,004","2,910","2,897","145.2","13","2,914","528","../data/CA_prison_pop_reports/July_1996.pdf"
"70","(NO CAL FACIL)","NCWF","400","780","775","195.0","5","760","537","../data/CA_prison_pop_reports/July_1996.pdf"
"71","(SIERRA CONSERV CTR)","SCC","102.8","320","329","320","329",NA,"546","../data/CA_prison_pop_reports/July_1996.pdf"
"72","(VALLEY SP)","VSP","1,980","2,820","2,789","142.4","31","2,592","555","../data/CA_prison_pop_reports/July_1996.pdf"
"73","Female Total","FEMALE","6,230","9,433","8,710","151.4","723","9,074","582","../data/CA_prison_pop_reports/July_1996.pdf"
"74","Total",NA,"73,121","136,283","133,620","186.4","2,663","136,035","618","../data/CA_prison_pop_reports/July_1996.pdf"
"75","(AVENAL SP)","ASP","246.9","2,320","5,727","5,793","5,727",NA,"120","../data/CA_prison_pop_reports/July_1997.pdf"
"76","(CAL CORRECTL CTR)","CCC","160.8","3,682","5,920","5,637","5,920",NA,"129","../data/CA_prison_pop_reports/July_1997.pdf"
"77","(CAL CORRECTL INSTITN)","CCI","2,781","5,943","5,942","213.7","1","5,992","138","../data/CA_prison_pop_reports/July_1997.pdf"
"78","(CAL INSTITN FOR MEN)","CIM","3,078","6,532","6,484","212.2","48","6,318","147","../data/CA_prison_pop_reports/July_1997.pdf"
"79","(CAL MEDICAL FACIL)","CMF","134.9","2,315","3,122","3,377","3,122",NA,"165","../data/CA_prison_pop_reports/July_1997.pdf"
"80","(CAL COLONY)","CMC","172.0","3,884","6,681","6,474","6,681",NA,"174","../data/CA_prison_pop_reports/July_1997.pdf"
"81","(CAL REHAB MEN)","CRC","1,814","4,108","2,438","226.5","1,670","4,001","183","../data/CA_prison_pop_reports/July_1997.pdf"
"82","(CAL CALIPATRIA)","CAL","183.6","2,208","4,054","4,108","4,054",NA,"192","../data/CA_prison_pop_reports/July_1997.pdf"
"83","(CAL CENTINELA)","CEN","197.0","2,208","4,350","4,588","4,350",NA,"210","../data/CA_prison_pop_reports/July_1997.pdf"
"84","(CAL CORCORAN)","COR","173.3","2,916","5,052","4,963","5,052",NA,"219","../data/CA_prison_pop_reports/July_1997.pdf"
"85","(CAL LOS ANGELES CO)","LAC","189.4","2,200","4,167","4,120","4,167",NA,"228","../data/CA_prison_pop_reports/July_1997.pdf"
"86","(CAL SACRAMENTO)","SAC","1,728","3,278","3,276","189.7","2","3,204","237","../data/CA_prison_pop_reports/July_1997.pdf"
"87","(CAL SAN QUENTIN)","SQ","3,283","5,793","5,763","176.5","30","5,694","255","../data/CA_prison_pop_reports/July_1997.pdf"
"88","(CAL SOLANO)","SOL","277.6","2,110","5,857","4,777","5,857",NA,"264","../data/CA_prison_pop_reports/July_1997.pdf"
"89","(CHUCKAWALLA VALLEY SP)","CVSP","205.3","1,738","3,568","3,679","3,568",NA,"273","../data/CA_prison_pop_reports/July_1997.pdf"
"90","(CORRL TRAING FAC)","CTF","3,281","7,023","7,021","214.1","2","7,061","282","../data/CA_prison_pop_reports/July_1997.pdf"
"91","(DEUEL VOCATL INSTITN)","DVI","1,787","3,889","3,856","217.6","33","3,706","300","../data/CA_prison_pop_reports/July_1997.pdf"
"92","(FOLSOM SP)","FOL","186.1","2,071","3,854","3,723","3,854",NA,"310","../data/CA_prison_pop_reports/July_1997.pdf"
"93","(HIGH DESERT SP)","HDP","2,224","4,283","4,282","192.6","1","4,166","319","../data/CA_prison_pop_reports/July_1997.pdf"
"94","(IRONWOOD SP)","IRON","208.2","2,200","4,580","4,580","4,580",NA,"328","../data/CA_prison_pop_reports/July_1997.pdf"
"95","(MULE CREEK SP)","MCSP","216.5","1,700","3,680","3,562","3,680",NA,"346","../data/CA_prison_pop_reports/July_1997.pdf"
"96","(NORTH KERN SP)","NKSP","189.2","2,692","5,092","5,104","5,092",NA,"355","../data/CA_prison_pop_reports/July_1997.pdf"
"97","(PITCHESS DETENT","PDC",NA,"700","1,318",NA,"1,318",NA,"364","../data/CA_prison_pop_reports/July_1997.pdf"
"98","(PELICAN BAY SP)","PBSP","166.0","2,280","3,785","3,711","3,785",NA,"373","../data/CA_prison_pop_reports/July_1997.pdf"
"99","(PLEASANT VALLEY SP)","PVSP","212.7","2,208","4,697","4,588","4,697",NA,"391","../data/CA_prison_pop_reports/July_1997.pdf"
"100","(RJ DONOVAN CORR FACIL)","RJD","208.5","2,200","4,586","4,668","4,586",NA,"400","../data/CA_prison_pop_reports/July_1997.pdf"
"101","(SALINAS VAL SP)","SVSP","190.4","2,224","4,235","4,046","4,235",NA,"409","../data/CA_prison_pop_reports/July_1997.pdf"
"102","(SANTA RITA","SRTA","750","697","696",NA,"1",NA,"419","../data/CA_prison_pop_reports/July_1997.pdf"
"103","(SIERRA CONSERV CTR)","SCC","3,606","5,992","5,991","166.2","1","5,884","437","../data/CA_prison_pop_reports/July_1997.pdf"
"104","(WASCO SP)","WSP","2,984","5,774","5,726","193.5","48","6,044","446","../data/CA_prison_pop_reports/July_1997.pdf"
"105","Male Total","MALE","69,722","137,637","135,800","197.4","1,837","135,018","473","../data/CA_prison_pop_reports/July_1997.pdf"
"106","(CAL INST FOR WOMEN)","CIW","1,026","1,794","1,774","174.9","20","1,663","519","../data/CA_prison_pop_reports/July_1997.pdf"
"107","(CAL REHAB WOMEN)","CRC","500","899","371","179.8","528","842","528","../data/CA_prison_pop_reports/July_1997.pdf"
"108","(CENT CAL FACIL)","CCWF","2,004","3,452","3,443","172.3","9","3,274","537","../data/CA_prison_pop_reports/July_1997.pdf"
"109","(NO CAL FACIL)","NCWF","400","740","739","185.0","1","760","546","../data/CA_prison_pop_reports/July_1997.pdf"
"110","(SIERRA CONSERV CTR)","SCC","101.3","320","324","320","324",NA,"555","../data/CA_prison_pop_reports/July_1997.pdf"
"111","(VALLEY SP)","VSP","1,980","3,304","3,289","166.9","15","3,090","564","../data/CA_prison_pop_reports/July_1997.pdf"
"112","Female Total","FEMALE","6,230","10,513","9,940","168.7","573","9,949","591","../data/CA_prison_pop_reports/July_1997.pdf"
"113","Total",NA,"75,952","148,150","145,740","195.1","2,410","144,967","627","../data/CA_prison_pop_reports/July_1997.pdf"
"114","(CAL CORRECTL INSTITN)","CCI","214.2","2,781","1","5,992","5,957","5,956","138","../data/CA_prison_pop_reports/July_1998.pdf"
"115","(CAL INSTITN FOR MEN)","CIM","210.4","3,078","32","6,318","6,475","6,443","147","../data/CA_prison_pop_reports/July_1998.pdf"
"116","(AVENAL SP)","ASP","5,793","247.3","5,738","5,738","2,320",NA,"120","../data/CA_prison_pop_reports/July_1998.pdf"
"117","(CAL CORRECTL CTR)","CCC","5,657","162.3","5,977","5,977","3,682",NA,"129","../data/CA_prison_pop_reports/July_1998.pdf"
"118","(CAL MEDICAL FACIL)","CMF","3,377","139.0","3,217","3,217","2,315",NA,"165","../data/CA_prison_pop_reports/July_1998.pdf"
"119","(CAL COLONY)","CMC","6,724","171.5","6,661","6,661","3,884",NA,"174","../data/CA_prison_pop_reports/July_1998.pdf"
"120","(CAL REHAB MEN)","CRC","3,906","218.9","3,970","2,570","1,814","1,400","183","../data/CA_prison_pop_reports/July_1998.pdf"
"121","(CAL CALIPATRIA)","CAL","4,108","183.9","4,061","4,061","2,208",NA,"192","../data/CA_prison_pop_reports/July_1998.pdf"
"122","(CAL CENTINELA)","CEN","2,208","4,407","4,406","199.6","1","4,468","210","../data/CA_prison_pop_reports/July_1998.pdf"
"123","(CAL CORCORAN)","COR","162.1","3,016","4,890","5,063","4,890",NA,"219","../data/CA_prison_pop_reports/July_1998.pdf"
"124","(CAL LOS ANGELES CO)","LAC","186.3","2,200","4,098","4,100","4,098",NA,"228","../data/CA_prison_pop_reports/July_1998.pdf"
"125","(CAL SACRAMENTO)","SAC","184.8","1,728","3,193","3,204","3,193",NA,"237","../data/CA_prison_pop_reports/July_1998.pdf"
"126","(CAL SAN QUENTIN)","SQ","3,283","5,829","5,809","177.6","20","5,667","255","../data/CA_prison_pop_reports/July_1998.pdf"
"127","(CAL SOLANO)","SOL","2,610","5,545","5,544","212.5","1","5,552","264","../data/CA_prison_pop_reports/July_1998.pdf"
"128","(CAL SATF AND SP COR)","SATF","3,324","6,231","6,227","187.5","4","4,883","273","../data/CA_prison_pop_reports/July_1998.pdf"
"129","(CHUCKAWALLA VALLEY SP)","CVSP","209.0","1,738","3,632","3,679","3,632",NA,"282","../data/CA_prison_pop_reports/July_1998.pdf"
"130","(CORRL TRAING FAC)","CTF","218.3","3,281","7,161","6,941","7,161",NA,"300","../data/CA_prison_pop_reports/July_1998.pdf"
"131","(DEUEL VOCATL INSTITN)","DVI","205.1","1,787","3,626","3,606","3,665","39","310","../data/CA_prison_pop_reports/July_1998.pdf"
"132","(FOLSOM SP)","FOL","184.9","2,072","3,831","3,725","3,831",NA,"319","../data/CA_prison_pop_reports/July_1998.pdf"
"133","(HIGH DESERT SP)","HDP","176.8","2,224","3,931","4,046","3,932","1","328","../data/CA_prison_pop_reports/July_1998.pdf"
"134","(IRONWOOD SP)","IRON","196.0","2,200","4,312","4,340","4,312",NA,"346","../data/CA_prison_pop_reports/July_1998.pdf"
"135","(MULE CREEK SP)","MCSP","215.5","1,700","3,664","3,562","3,664",NA,"355","../data/CA_prison_pop_reports/July_1998.pdf"
"136","(NORTH KERN SP)","NKSP","174.7","2,692","4,701","5,104","4,704","3","364","../data/CA_prison_pop_reports/July_1998.pdf"
"137","(PITCHESS DETENT","PDC",NA,"1,400","1,197",NA,"1,197",NA,"373","../data/CA_prison_pop_reports/July_1998.pdf"
"138","(PELICAN BAY SP)","PBSP","154.4","2,280","3,519","3,711","3,520","1","391","../data/CA_prison_pop_reports/July_1998.pdf"
"139","(PLEASANT VALLEY SP)","PVSP","198.6","2,208","4,384","4,348","4,384",NA,"400","../data/CA_prison_pop_reports/July_1998.pdf"
"140","(RJ DONOVAN CORR FACIL)","RJD","213.1","2,200","4,688","4,698","4,689","1","409","../data/CA_prison_pop_reports/July_1998.pdf"
"141","(SALINAS VAL SP)","SVSP","185.2","2,224","4,118","4,046","4,118",NA,"419","../data/CA_prison_pop_reports/July_1998.pdf"
"142","(SANTA RITA","SRTA",NA,"683","683",NA,"750",NA,"437","../data/CA_prison_pop_reports/July_1998.pdf"
"143","(SIERRA CONSERV CTR)","SCC","5,884","160.3","5,781","5,780","3,606","1","446","../data/CA_prison_pop_reports/July_1998.pdf"
"144","(WASCO SP)","WSP","5,812","182.0","5,430","5,395","2,984","35","455","../data/CA_prison_pop_reports/July_1998.pdf"
"145","Male Total","MALE","73,647","140,952","139,412","191.4","1,540","140,464","482","../data/CA_prison_pop_reports/July_1998.pdf"
"146","(CAL INST FOR WOMEN)","CIW","1,026","1,852","1,832","180.5","20","1,747","528","../data/CA_prison_pop_reports/July_1998.pdf"
"147","(CAL REHAB WOMEN)","CRC","500","889","363","177.8","526","842","537","../data/CA_prison_pop_reports/July_1998.pdf"
"148","(CENT CAL FACIL)","CCWF","2,004","3,702","3,699","184.7","3","3,526","546","../data/CA_prison_pop_reports/July_1998.pdf"
"149","(NO CAL FACIL)","NCWF","400","777","771","194.3","6","760","555","../data/CA_prison_pop_reports/July_1998.pdf"
"150","(SIERRA CONSERV CTR)","SCC","105.6","320","338","320","338",NA,"564","../data/CA_prison_pop_reports/July_1998.pdf"
"151","(VALLEY SP)","VSP","1,980","3,478","3,466","175.7","12","3,330","573","../data/CA_prison_pop_reports/July_1998.pdf"
"152","Female Total","FEMALE","6,230","11,036","10,469","177.1","567","10,525","600","../data/CA_prison_pop_reports/July_1998.pdf"
"153","Total",NA,"79,877","151,988","149,881","190.3","2,107","150,989","636","../data/CA_prison_pop_reports/July_1998.pdf"
"154","(CAL INSTITN FOR MEN)","CIM","202.0","3,078","36","6,318","6,219","6,183","147","../data/CA_prison_pop_reports/July_1999.pdf"
"155","(AVENAL SP)","ASP","5,793","262.4","6,087","6,087","2,320",NA,"120","../data/CA_prison_pop_reports/July_1999.pdf"
"156","(CAL CORRECTL CTR)","CCC","5,657","161.8","5,957","5,957","3,682",NA,"129","../data/CA_prison_pop_reports/July_1999.pdf"
"157","(CAL CORRECTL INSTITN)","CCI","5,992","209.4","5,823","5,823","2,781",NA,"138","../data/CA_prison_pop_reports/July_1999.pdf"
"158","(CAL MEDICAL FACIL)","CMF","3,401","133.7","3,094","3,094","2,315",NA,"165","../data/CA_prison_pop_reports/July_1999.pdf"
"159","(CAL COLONY)","CMC","6,724","178.7","6,941","6,941","3,884",NA,"174","../data/CA_prison_pop_reports/July_1999.pdf"
"160","(CAL REHAB MEN)","CRC","4,001","224.1","4,065","2,957","1,814","1,108","183","../data/CA_prison_pop_reports/July_1999.pdf"
"161","(CAL CALIPATRIA)","CAL","4,108","186.6","4,121","4,121","2,208",NA,"192","../data/CA_prison_pop_reports/July_1999.pdf"
"162","(CAL CENTINELA)","CEN","4,588","207.2","4,574","4,574","2,208",NA,"210","../data/CA_prison_pop_reports/July_1999.pdf"
"163","(CAL CORCORAN)","COR","5,063","165.8","5,002","5,002","3,016",NA,"219","../data/CA_prison_pop_reports/July_1999.pdf"
"164","(CAL LOS ANGELES CO)","LAC","4,220","189.6","4,172","4,172","2,200",NA,"228","../data/CA_prison_pop_reports/July_1999.pdf"
"165","(CAL SACRAMENTO)","SAC","3,254","174.2","3,010","3,010","1,728",NA,"237","../data/CA_prison_pop_reports/July_1999.pdf"
"166","(CAL SAN QUENTIN)","SQ","5,634","179.2","5,876","5,851","3,279","25","255","../data/CA_prison_pop_reports/July_1999.pdf"
"167","(CAL SOLANO)","SOL","5,777","225.0","5,872","5,871","2,610","1","264","../data/CA_prison_pop_reports/July_1999.pdf"
"168","(CAL SATF AND SP COR)","SATF","6,105","192.1","6,384","6,383","3,324","1","273","../data/CA_prison_pop_reports/July_1999.pdf"
"169","(CHUCKAWALLA VALLEY SP)","CVSP","3,679","210.6","3,660","3,660","1,738",NA,"282","../data/CA_prison_pop_reports/July_1999.pdf"
"170","(CORRL TRAING FAC)","CTF","7,161","220.5","7,236","7,236","3,281",NA,"300","../data/CA_prison_pop_reports/July_1999.pdf"
"171","(DEUEL VOCATL INSTITN)","DVI","3,706","209.3","3,741","3,710","1,787","31","310","../data/CA_prison_pop_reports/July_1999.pdf"
"172","(FOLSOM SP)","FOL","3,725","183.9","3,810","3,810","2,072",NA,"319","../data/CA_prison_pop_reports/July_1999.pdf"
"173","(HIGH DESERT SP)","HDP","4,166","191.4","4,257","4,254","2,224","3","328","../data/CA_prison_pop_reports/July_1999.pdf"
"174","(IRONWOOD SP)","IRON","4,460","206.3","4,539","4,539","2,200",NA,"346","../data/CA_prison_pop_reports/July_1999.pdf"
"175","(MULE CREEK SP)","MCSP","3,562","208.6","3,547","3,547","1,700",NA,"355","../data/CA_prison_pop_reports/July_1999.pdf"
"176","(NORTH KERN SP)","NKSP","5,104","185.8","5,002","5,001","2,692","1","364","../data/CA_prison_pop_reports/July_1999.pdf"
"177","(PITCHESS DETENT","PDC",NA,"1,136","1,136",NA,"1,100",NA,"373","../data/CA_prison_pop_reports/July_1999.pdf"
"178","(PELICAN BAY SP)","PBSP","148.7","2,280","3,391","3,550","3,391",NA,"391","../data/CA_prison_pop_reports/July_1999.pdf"
"179","(PLEASANT VALLEY SP)","PVSP","212.0","2,208","4,681","4,588","4,681",NA,"400","../data/CA_prison_pop_reports/July_1999.pdf"
"180","(RJ DONOVAN CORR FACIL)","RJD","214.8","2,200","4,725","4,698","4,725",NA,"409","../data/CA_prison_pop_reports/July_1999.pdf"
"181","(SALINAS VAL SP)","SVSP","190.3","2,224","4,233","4,266","4,233",NA,"419","../data/CA_prison_pop_reports/July_1999.pdf"
"182","(SANTA RITA","SRTA",NA,"750","732",NA,"732",NA,"437","../data/CA_prison_pop_reports/July_1999.pdf"
"183","(SIERRA CONSERV CTR)","SCC","165.1","3,606","5,955","5,884","5,955",NA,"446","../data/CA_prison_pop_reports/July_1999.pdf"
"184","(WASCO SP)","WSP","184.2","2,984","5,476","5,580","5,497","21","455","../data/CA_prison_pop_reports/July_1999.pdf"
"185","Male Total","MALE","73,643","143,339","142,112","194.6","1,227","142,614","482","../data/CA_prison_pop_reports/July_1999.pdf"
"186","(CAL INST FOR WOMEN)","CIW","1,026","1,871","1,854","182.4","17","1,747","528","../data/CA_prison_pop_reports/July_1999.pdf"
"187","(CAL REHAB WOMEN)","CRC","500","790","349","158.0","441","842","537","../data/CA_prison_pop_reports/July_1999.pdf"
"188","(CENT CAL FACIL)","CCWF","2,004","3,564","3,563","177.8","1","3,753","546","../data/CA_prison_pop_reports/July_1999.pdf"
"189","(NO CAL FACIL)","NCWF","400","751","749","187.8","2","760","555","../data/CA_prison_pop_reports/July_1999.pdf"
"190","(SIERRA CONSERV CTR)","SCC","106.3","320","340","320","340",NA,"564","../data/CA_prison_pop_reports/July_1999.pdf"
"191","(VALLEY SP)","VSP","1,980","3,629","3,615","183.3","14","3,664","573","../data/CA_prison_pop_reports/July_1999.pdf"
"192","Female Total","FEMALE","6,230","10,945","10,470","175.7","475","11,086","600","../data/CA_prison_pop_reports/July_1999.pdf"
"193","Total",NA,"79,873","154,284","152,582","193.2","1,702","153,700","636","../data/CA_prison_pop_reports/July_1999.pdf"
"194","(CAL INSTITN FOR MEN)","CIM","199.3","3,078","18","6,303","6,134","6,116","146","../data/CA_prison_pop_reports/July_2001.pdf"
"195","(AVENAL SP)","ASP","6,978","234.7","6,852","6,852","2,920",NA,"119","../data/CA_prison_pop_reports/July_2001.pdf"
"196","(CAL CORRECTL CTR)","CCC","5,642","159.7","5,880","5,880","3,682",NA,"128","../data/CA_prison_pop_reports/July_2001.pdf"
"197","(CAL CORRECTL INSTITN)","CCI","5,741","199.4","5,544","5,544","2,781",NA,"137","../data/CA_prison_pop_reports/July_2001.pdf"
"198","(CAL MEDICAL FACIL)","CMF","3,401","141.2","3,268","3,268","2,315",NA,"164","../data/CA_prison_pop_reports/July_2001.pdf"
"199","(CAL COLONY)","CMC","6,604","169.3","6,574","6,573","3,884","1","173","../data/CA_prison_pop_reports/July_2001.pdf"
"200","(CAL REHAB MEN)","CRC","3,952","218.6","3,965","2,697","1,814","1,268","182","../data/CA_prison_pop_reports/July_2001.pdf"
"201","(CAL CALIPATRIA)","CAL","4,068","187.4","4,138","4,138","2,208",NA,"191","../data/CA_prison_pop_reports/July_2001.pdf"
"202","(CAL CENTINELA)","CEN","4,693","201.5","4,450","4,450","2,208",NA,"210","../data/CA_prison_pop_reports/July_2001.pdf"
"203","(CAL CORCORAN)","COR","5,140","169.5","5,113","5,112","3,016","1","219","../data/CA_prison_pop_reports/July_2001.pdf"
"204","(CAL LOS ANGELES CO)","LAC","4,140","187.5","4,124","4,124","2,200",NA,"228","../data/CA_prison_pop_reports/July_2001.pdf"
"205","(CAL SACRAMENTO)","SAC","3,042","174.5","3,015","3,015","1,728",NA,"237","../data/CA_prison_pop_reports/July_2001.pdf"
"206","(CAL SAN QUENTIN)","SQ","5,533","169.8","5,558","5,549","3,273","9","255","../data/CA_prison_pop_reports/July_2001.pdf"
"207","(CAL SOLANO)","SOL","5,852","220.3","5,751","5,751","2,610",NA,"264","../data/CA_prison_pop_reports/July_2001.pdf"
"208","(CAL SATF AND SP COR)","SATF","6,450","190.5","6,333","6,326","3,324","7","273","../data/CA_prison_pop_reports/July_2001.pdf"
"209","(CHUCKAWALLA VALLEY SP)","CVSP","3,664","208.3","3,620","3,620","1,738",NA,"282","../data/CA_prison_pop_reports/July_2001.pdf"
"210","(CORRL TRAING FAC)","CTF","6,601","198.2","6,503","6,503","3,281",NA,"300","../data/CA_prison_pop_reports/July_2001.pdf"
"211","(DEUEL VOCATL INSTITN)","DVI","3,941","214.3","3,829","3,811","1,787","18","309","../data/CA_prison_pop_reports/July_2001.pdf"
"212","(FOLSOM SP)","FOL","3,725","184.3","3,819","3,819","2,072",NA,"318","../data/CA_prison_pop_reports/July_2001.pdf"
"213","(HIGH DESERT SP)","HDP","4,310","191.5","4,259","4,256","2,224","3","327","../data/CA_prison_pop_reports/July_2001.pdf"
"214","(IRONWOOD SP)","IRON","4,565","209.0","4,599","4,599","2,200",NA,"346","../data/CA_prison_pop_reports/July_2001.pdf"
"215","(MULE CREEK SP)","MCSP","3,697","205.5","3,493","3,493","1,700",NA,"355","../data/CA_prison_pop_reports/July_2001.pdf"
"216","(NORTH KERN SP)","NKSP","5,089","182.8","4,920","4,917","2,692","3","364","../data/CA_prison_pop_reports/July_2001.pdf"
"217","(PITCHESS DETENT","PDC",NA,"1,430","1,430",NA,"1,292",NA,"373","../data/CA_prison_pop_reports/July_2001.pdf"
"218","(PELICAN BAY SP)","PBSP","3,494","147.6","3,366","3,366","2,280",NA,"391","../data/CA_prison_pop_reports/July_2001.pdf"
"219","(PLEASANT VALLEY SP)","PVSP","4,573","210.2","4,641","4,641","2,208",NA,"400","../data/CA_prison_pop_reports/July_2001.pdf"
"220","(RIO COSUMNES COR","RIO","3","282","285",NA,"250",NA,"409","../data/CA_prison_pop_reports/July_2001.pdf"
"221","(RJ DONOVAN CORR FACIL)","RJD","4,673","210.3","4,627","4,627","2,200",NA,"418","../data/CA_prison_pop_reports/July_2001.pdf"
"222","(SALINAS VAL SP)","SVSP","4,156","189.9","4,223","4,223","2,224",NA,"436","../data/CA_prison_pop_reports/July_2001.pdf"
"223","(SANTA RITA","SRTA",NA,"750","750",NA,"750",NA,"445","../data/CA_prison_pop_reports/July_2001.pdf"
"224","(SIERRA CONSERV CTR)","SCC","5,869","165.6","5,972","5,972","3,606",NA,"454","../data/CA_prison_pop_reports/July_2001.pdf"
"225","(WASCO SP)","WSP","5,797","186.4","5,561","5,544","2,984","17","463","../data/CA_prison_pop_reports/July_2001.pdf"
"226","Male Total","MALE","74,237","142,596","141,248","192.1","1,348","143,985","491","../data/CA_prison_pop_reports/July_2001.pdf"
"227","(CAL INST FOR WOMEN)","CIW","1,026","1,786","1,779","174.1","7","1,742","536","../data/CA_prison_pop_reports/July_2001.pdf"
"228","(CAL REHAB WOMEN)","CRC","500","799","434","159.8","365","751","545","../data/CA_prison_pop_reports/July_2001.pdf"
"229","(CENT CAL FACIL)","CCWF","2,004","3,147","3,142","157.0","5","3,386","554","../data/CA_prison_pop_reports/July_2001.pdf"
"230","(NO CAL FACIL)","NCWF","183.5","400","734","755","734",NA,"563","../data/CA_prison_pop_reports/July_2001.pdf"
"231","(SIERRA CONSERV CTR)","SCC","102.5","320","328","320","328",NA,"572","../data/CA_prison_pop_reports/July_2001.pdf"
"232","(VALLEY SP)","VSP","1,980","3,192","3,185","161.2","7","3,324","581","../data/CA_prison_pop_reports/July_2001.pdf"
"233","Female Total","FEMALE","6,230","9,986","9,602","160.3","384","10,278","608","../data/CA_prison_pop_reports/July_2001.pdf"
"234","Total",NA,"80,467","152,582","150,850","189.6","1,732","154,263","645","../data/CA_prison_pop_reports/July_2001.pdf"
"235","(CAL INSTITN FOR MEN)","CIM","212.9","3,078","28","6,265","6,552","6,524","146","../data/CA_prison_pop_reports/July_2002.pdf"
"236","(AVENAL SP)","ASP","6,778","235.1","6,865","6,865","2,920",NA,"119","../data/CA_prison_pop_reports/July_2002.pdf"
"237","(CAL CORRECTL CTR)","CCC","5,642","160.7","5,918","5,918","3,682",NA,"128","../data/CA_prison_pop_reports/July_2002.pdf"
"238","(CAL CORRECTL INSTITN)","CCI","5,600","192.0","5,339","5,339","2,781",NA,"137","../data/CA_prison_pop_reports/July_2002.pdf"
"239","(CAL MEDICAL FACIL)","CMF","3,401","142.9","3,308","3,308","2,315",NA,"164","../data/CA_prison_pop_reports/July_2002.pdf"
"240","(CAL COLONY)","CMC","6,604","168.4","6,540","6,540","3,884",NA,"173","../data/CA_prison_pop_reports/July_2002.pdf"
"241","(CAL REHAB MEN)","CRC","3,952","217.0","3,936","2,913","1,814","1,023","182","../data/CA_prison_pop_reports/July_2002.pdf"
"242","(CAL CALIPATRIA)","CAL","4,068","183.2","4,045","4,045","2,208",NA,"191","../data/CA_prison_pop_reports/July_2002.pdf"
"243","(CAL CENTINELA)","CEN","4,668","204.3","4,512","4,512","2,208",NA,"210","../data/CA_prison_pop_reports/July_2002.pdf"
"244","(CAL CORCORAN)","COR","5,019","165.3","4,986","4,986","3,016",NA,"219","../data/CA_prison_pop_reports/July_2002.pdf"
"245","(CAL LOS ANGELES CO)","LAC","4,100","183.0","4,027","4,027","2,200",NA,"228","../data/CA_prison_pop_reports/July_2002.pdf"
"246","(CAL SACRAMENTO)","SAC","3,042","171.9","2,970","2,970","1,728",NA,"237","../data/CA_prison_pop_reports/July_2002.pdf"
"247","(CAL SAN QUENTIN)","SQ","5,533","171.6","5,618","5,614","3,273","4","255","../data/CA_prison_pop_reports/July_2002.pdf"
"248","(CAL SOLANO)","SOL","5,852","223.1","5,823","5,823","2,610",NA,"264","../data/CA_prison_pop_reports/July_2002.pdf"
"249","(CAL SATF AND SP COR)","SATF","6,655","194.7","6,473","6,471","3,324","2","273","../data/CA_prison_pop_reports/July_2002.pdf"
"250","(CHUCKAWALLA VALLEY SP)","CVSP","3,664","210.6","3,660","3,660","1,738",NA,"282","../data/CA_prison_pop_reports/July_2002.pdf"
"251","(CORRL TRAING FAC)","CTF","6,301","192.0","6,298","6,298","3,281",NA,"300","../data/CA_prison_pop_reports/July_2002.pdf"
"252","(DEUEL VOCATL INSTITN)","DVI","3,941","219.0","3,913","3,902","1,787","11","309","../data/CA_prison_pop_reports/July_2002.pdf"
"253","(FOLSOM SP)","FOL","3,725","177.0","3,668","3,668","2,072",NA,"318","../data/CA_prison_pop_reports/July_2002.pdf"
"254","(HIGH DESERT SP)","HDP","4,260","187.9","4,179","4,177","2,224","2","327","../data/CA_prison_pop_reports/July_2002.pdf"
"255","(IRONWOOD SP)","IRON","4,565","209.2","4,602","4,602","2,200",NA,"346","../data/CA_prison_pop_reports/July_2002.pdf"
"256","(MULE CREEK SP)","MCSP","3,671","215.6","3,666","3,666","1,700",NA,"355","../data/CA_prison_pop_reports/July_2002.pdf"
"257","(NORTH KERN SP)","NKSP","5,089","189.6","5,105","5,103","2,692","2","364","../data/CA_prison_pop_reports/July_2002.pdf"
"258","(PITCHESS DETENT","PDC",NA,"1,287","1,287",NA,"1,292",NA,"373","../data/CA_prison_pop_reports/July_2002.pdf"
"259","(RJ DONOVAN CORR FACIL)","RJD","209.5","2,200","1","4,673","4,609","4,608","418","../data/CA_prison_pop_reports/July_2002.pdf"
"260","(PELICAN BAY SP)","PBSP","3,494","143.5","3,272","3,272","2,280",NA,"391","../data/CA_prison_pop_reports/July_2002.pdf"
"261","(PLEASANT VALLEY SP)","PVSP","4,573","210.5","4,648","4,648","2,208",NA,"400","../data/CA_prison_pop_reports/July_2002.pdf"
"262","(RIO COSUMNES COR","RIO",NA,"256","256",NA,"250",NA,"409","../data/CA_prison_pop_reports/July_2002.pdf"
"263","(WASCO SP)","WSP","201.0","2,984","14","5,893","5,999","5,985","463","../data/CA_prison_pop_reports/July_2002.pdf"
"264","(SALINAS VAL SP)","SVSP","4,376","189.4","4,212","4,212","2,224",NA,"436","../data/CA_prison_pop_reports/July_2002.pdf"
"265","(SANTA RITA","SRTA",NA,"765","765",NA,"750",NA,"445","../data/CA_prison_pop_reports/July_2002.pdf"
"266","(SIERRA CONSERV CTR)","SCC","5,869","166.2","5,994","5,994","3,606",NA,"454","../data/CA_prison_pop_reports/July_2002.pdf"
"267","Male Total","MALE","74,237","143,045","141,958","192.7","1,087","143,565","491","../data/CA_prison_pop_reports/July_2002.pdf"
"268","(CAL INST FOR WOMEN)","CIW","1,026","1,794","1,784","174.9","10","1,564","536","../data/CA_prison_pop_reports/July_2002.pdf"
"269","(CAL REHAB WOMEN)","CRC","500","623","343","124.6","280","680","545","../data/CA_prison_pop_reports/July_2002.pdf"
"270","(CENT CAL FACIL)","CCWF","2,004","3,091","3,088","154.2","3","2,853","554","../data/CA_prison_pop_reports/July_2002.pdf"
"271","(NO CAL FACIL)","NCWF","400","718","716","179.5","2","630","563","../data/CA_prison_pop_reports/July_2002.pdf"
"272","(SIERRA CONSERV CTR)","SCC","96.3","320","308","320","308",NA,"572","../data/CA_prison_pop_reports/July_2002.pdf"
"273","(VALLEY SP)","VSP","1,980","3,058","3,047","154.4","11","3,247","581","../data/CA_prison_pop_reports/July_2002.pdf"
"274","Female Total","FEMALE","6,230","9,592","9,286","154.0","306","9,294","608","../data/CA_prison_pop_reports/July_2002.pdf"
"275","Total",NA,"80,467","152,637","151,244","189.7","1,393","152,859","645","../data/CA_prison_pop_reports/July_2002.pdf"
"276","(CAL INSTITN FOR MEN)","CIM","212.6","3,078","29","6,665","6,544","6,515","146","../data/CA_prison_pop_reports/July_2004.pdf"
"277","(AVENAL SP)","ASP","7,128","246.1","7,186","7,186","2,920",NA,"119","../data/CA_prison_pop_reports/July_2004.pdf"
"278","(CAL CORRECTL CTR)","CCC","5,642","162.0","5,965","5,965","3,682",NA,"128","../data/CA_prison_pop_reports/July_2004.pdf"
"279","(CAL CORRECTL INSTITN)","CCI","5,597","196.1","5,454","5,454","2,781",NA,"137","../data/CA_prison_pop_reports/July_2004.pdf"
"280","(CAL MEDICAL FACIL)","CMF","3,401","141.0","3,263","3,263","2,315",NA,"164","../data/CA_prison_pop_reports/July_2004.pdf"
"281","(CAL COLONY)","CMC","6,604","167.0","6,488","6,488","3,884",NA,"173","../data/CA_prison_pop_reports/July_2004.pdf"
"282","(CAL REHAB MEN)","CRC","3,952","220.2","3,994","3,048","1,814","946","182","../data/CA_prison_pop_reports/July_2004.pdf"
"283","(CAL CALIPATRIA)","CAL","4,318","163.7","4,106","4,106","2,508",NA,"191","../data/CA_prison_pop_reports/July_2004.pdf"
"284","(CAL CENTINELA)","CEN","5,091","221.7","4,895","4,895","2,208",NA,"210","../data/CA_prison_pop_reports/July_2004.pdf"
"285","(CAL CORCORAN)","COR","5,184","169.9","5,123","5,123","3,016",NA,"219","../data/CA_prison_pop_reports/July_2004.pdf"
"286","(CAL LOS ANGELES CO)","LAC","4,540","208.4","4,584","4,579","2,200","5","228","../data/CA_prison_pop_reports/July_2004.pdf"
"287","(CAL SACRAMENTO)","SAC","3,244","193.7","3,347","3,347","1,728",NA,"237","../data/CA_prison_pop_reports/July_2004.pdf"
"288","(CAL SAN QUENTIN)","SQ","5,731","178.6","5,844","5,833","3,273","11","255","../data/CA_prison_pop_reports/July_2004.pdf"
"289","(CAL SOLANO)","SOL","5,996","233.3","6,089","6,089","2,610",NA,"264","../data/CA_prison_pop_reports/July_2004.pdf"
"290","(CAL SATF AND SP COR)","SATF","7,003","209.8","6,973","6,969","3,324","4","273","../data/CA_prison_pop_reports/July_2004.pdf"
"291","(CHUCKAWALLA VALLEY SP)","CVSP","4,292","239.4","4,160","4,160","1,738",NA,"282","../data/CA_prison_pop_reports/July_2004.pdf"
"292","(CORRL TRAING FAC)","CTF","7,001","211.1","6,927","6,927","3,281",NA,"300","../data/CA_prison_pop_reports/July_2004.pdf"
"293","(DEUEL VOCATL INSTITN)","DVI","3,551","193.3","3,454","3,438","1,787","16","309","../data/CA_prison_pop_reports/July_2004.pdf"
"294","(FOLSOM SP)","FOL","4,249","161.1","3,987","3,987","2,475",NA,"318","../data/CA_prison_pop_reports/July_2004.pdf"
"295","(HIGH DESERT SP)","HDP","4,788","206.3","4,835","4,827","2,344","8","327","../data/CA_prison_pop_reports/July_2004.pdf"
"296","(IRONWOOD SP)","IRON","4,773","214.3","4,714","4,714","2,200",NA,"345","../data/CA_prison_pop_reports/July_2004.pdf"
"297","(MULE CREEK SP)","MCSP","3,837","221.8","3,770","3,770","1,700",NA,"355","../data/CA_prison_pop_reports/July_2004.pdf"
"298","(NORTH KERN SP)","NKSP","5,387","195.8","5,272","5,268","2,692","4","364","../data/CA_prison_pop_reports/July_2004.pdf"
"299","(PITCHESS DETENT","PDC",NA,"1,278","1,278",NA,"1,292",NA,"373","../data/CA_prison_pop_reports/July_2004.pdf"
"300","(PELICAN BAY SP)","PBSP","3,582","153.5","3,499","3,498","2,280","1","391","../data/CA_prison_pop_reports/July_2004.pdf"
"301","(PLEASANT VALLEY SP)","PVSP","4,848","208.2","4,598","4,598","2,208",NA,"400","../data/CA_prison_pop_reports/July_2004.pdf"
"302","(RIO COSUMNES COR","RIO",NA,"356","356",NA,"250",NA,"409","../data/CA_prison_pop_reports/July_2004.pdf"
"303","(RJ DONOVAN CORR FACIL)","RJD","4,443","199.4","4,387","4,387","2,200",NA,"418","../data/CA_prison_pop_reports/July_2004.pdf"
"304","(SALINAS VAL SP)","SVSP","4,600","204.0","4,538","4,538","2,224",NA,"436","../data/CA_prison_pop_reports/July_2004.pdf"
"305","(SANTA RITA","SRTA",NA,"581","581",NA,"750",NA,"445","../data/CA_prison_pop_reports/July_2004.pdf"
"306","(SIERRA CONSERV CTR)","SCC","5,977","168.0","6,059","6,059","3,606",NA,"454","../data/CA_prison_pop_reports/July_2004.pdf"
"307","(WASCO SP)","WSP","5,958","203.3","6,066","6,033","2,984","33","463","../data/CA_prison_pop_reports/July_2004.pdf"
"308","Male Total","MALE","75,060","148,336","147,279","197.6","1,057","149,674","490","../data/CA_prison_pop_reports/July_2004.pdf"
"309","(CAL INST FOR WOMEN)","CIW","1,026","1,953","1,941","190.4","12","1,950","536","../data/CA_prison_pop_reports/July_2004.pdf"
"310","(CAL REHAB WOMEN)","CRC","500","694","454","138.8","240","680","545","../data/CA_prison_pop_reports/July_2004.pdf"
"311","(CENT CAL FACIL)","CCWF","2,004","3,602","3,598","179.7","4","3,490","554","../data/CA_prison_pop_reports/July_2004.pdf"
"312","(RIO COSUMNES COR","RIO",NA,"20","4",NA,"4",NA,"563","../data/CA_prison_pop_reports/July_2004.pdf"
"313","(SIERRA CONSERV CTR)","SCC","102.8","320","329","320","329",NA,"572","../data/CA_prison_pop_reports/July_2004.pdf"
"314","(VALLEY SP)","VSP","1,980","3,663","3,646","185.0","17","3,814","581","../data/CA_prison_pop_reports/July_2004.pdf"
"315","Female Total","FEMALE","5,830","10,245","9,972","175.7","273","10,274","608","../data/CA_prison_pop_reports/July_2004.pdf"
"316","Total",NA,"80,890","158,581","157,251","196.0","1,330","159,948","645","../data/CA_prison_pop_reports/July_2004.pdf"
"317","(CAL INSTITN FOR MEN)","CIM","216.6","3,078","24","6,615","6,667","6,643","146","../data/CA_prison_pop_reports/July_2005.pdf"
"318","(AVENAL SP)","ASP","7,028","230.2","6,722","6,722","2,920",NA,"119","../data/CA_prison_pop_reports/July_2005.pdf"
"319","(CAL CORRECTL CTR)","CCC","5,750","165.8","6,103","6,103","3,682",NA,"128","../data/CA_prison_pop_reports/July_2005.pdf"
"320","(CAL CORRECTL INSTITN)","CCI","5,824","208.9","5,637","5,637","2,699",NA,"137","../data/CA_prison_pop_reports/July_2005.pdf"
"321","(CAL MEDICAL FACIL)","CMF","3,351","139.0","3,217","3,217","2,315",NA,"164","../data/CA_prison_pop_reports/July_2005.pdf"
"322","(CAL COLONY)","CMC","6,604","167.5","6,507","6,506","3,884","1","173","../data/CA_prison_pop_reports/July_2005.pdf"
"323","(CAL REHAB MEN)","CRC","3,952","216.8","3,932","3,054","1,814","878","182","../data/CA_prison_pop_reports/July_2005.pdf"
"324","(CAL CALIPATRIA)","CAL","4,268","164.8","4,133","4,133","2,508",NA,"191","../data/CA_prison_pop_reports/July_2005.pdf"
"325","(CAL CENTINELA)","CEN","5,103","217.4","4,801","4,801","2,208",NA,"210","../data/CA_prison_pop_reports/July_2005.pdf"
"326","(CAL CORCORAN)","COR","5,134","163.4","4,929","4,928","3,016","1","219","../data/CA_prison_pop_reports/July_2005.pdf"
"327","(CAL LOS ANGELES CO)","LAC","4,684","212.2","4,669","4,669","2,200",NA,"228","../data/CA_prison_pop_reports/July_2005.pdf"
"328","(CAL SACRAMENTO)","SAC","3,244","184.7","3,191","3,191","1,728",NA,"237","../data/CA_prison_pop_reports/July_2005.pdf"
"329","(CAL SAN QUENTIN)","SQ","5,681","166.3","5,443","5,440","3,273","3","255","../data/CA_prison_pop_reports/July_2005.pdf"
"330","(CAL SOLANO)","SOL","5,660","232.8","6,075","6,075","2,610",NA,"264","../data/CA_prison_pop_reports/July_2005.pdf"
"331","(CAL SATF AND SP COR)","SATF","7,027","224.9","7,476","7,472","3,324","4","273","../data/CA_prison_pop_reports/July_2005.pdf"
"332","(CHUCKAWALLA VALLEY SP)","CVSP","3,860","209.7","3,644","3,644","1,738",NA,"282","../data/CA_prison_pop_reports/July_2005.pdf"
"333","(HIGH DESERT SP)","HDP","195.6","2,344","1","4,752","4,584","4,583","327","../data/CA_prison_pop_reports/July_2005.pdf"
"334","(CORRL TRAING FAC)","CTF","7,001","216.2","7,095","7,095","3,281",NA,"300","../data/CA_prison_pop_reports/July_2005.pdf"
"335","(DEUEL VOCATL INSTITN)","DVI","3,551","218.0","3,895","3,872","1,787","23","309","../data/CA_prison_pop_reports/July_2005.pdf"
"336","(FOLSOM SP)","FOL","4,249","160.3","3,967","3,967","2,475",NA,"318","../data/CA_prison_pop_reports/July_2005.pdf"
"337","(NORTH KERN SP)","NKSP","197.0","2,692","7","5,387","5,304","5,297","373","../data/CA_prison_pop_reports/July_2005.pdf"
"338","(IRONWOOD SP)","IRON","4,653","206.2","4,537","4,537","2,200",NA,"345","../data/CA_prison_pop_reports/July_2005.pdf"
"339","(KERN VALLEY SP)","KVSP","4,366","25.2","617","617","2,448",NA,"355","../data/CA_prison_pop_reports/July_2005.pdf"
"340","(MULE CREEK SP)","MCSP","3,837","223.8","3,804","3,804","1,700",NA,"364","../data/CA_prison_pop_reports/July_2005.pdf"
"341","(PITCHESS DETENT","PDC",NA,"1,292","1,393",NA,"1,393",NA,"391","../data/CA_prison_pop_reports/July_2005.pdf"
"342","(PELICAN BAY SP)","PBSP","150.4","2,280","3,428","3,582","3,428",NA,"400","../data/CA_prison_pop_reports/July_2005.pdf"
"343","(PLEASANT VALLEY SP)","PVSP","223.2","2,208","4,929","5,028","4,929",NA,"409","../data/CA_prison_pop_reports/July_2005.pdf"
"344","(RIO COSUMNES COR","RIO",NA,"250","290",NA,"290",NA,"418","../data/CA_prison_pop_reports/July_2005.pdf"
"345","(RJ DONOVAN CORR FACIL)","RJD","213.5","2,200","4,698","4,443","4,698",NA,"436","../data/CA_prison_pop_reports/July_2005.pdf"
"346","(SALINAS VAL SP)","SVSP","192.0","2,224","4,270","4,510","4,270",NA,"445","../data/CA_prison_pop_reports/July_2005.pdf"
"347","(SANTA RITA","SRTA",NA,"750","468",NA,"468",NA,"454","../data/CA_prison_pop_reports/July_2005.pdf"
"348","(SIERRA CONSERV CTR)","SCC","171.9","3,606","6,200","6,107","6,200",NA,"463","../data/CA_prison_pop_reports/July_2005.pdf"
"349","(WASCO SP)","WSP","203.1","2,984","6,039","6,066","6,060","21","481","../data/CA_prison_pop_reports/July_2005.pdf"
"350","Male Total","MALE","77,426","148,685","147,722","192.0","963","153,609","509","../data/CA_prison_pop_reports/July_2005.pdf"
"351","(CAL INST FOR WOMEN)","CIW","1,026","1,993","1,981","194.2","12","1,950","554","../data/CA_prison_pop_reports/July_2005.pdf"
"352","(CAL REHAB WOMEN)","CRC","500","748","473","149.6","275","680","563","../data/CA_prison_pop_reports/July_2005.pdf"
"353","(CENT CAL FACIL)","CCWF","2,004","3,796","3,793","189.4","3","3,490","572","../data/CA_prison_pop_reports/July_2005.pdf"
"354","(RIO COSUMNES COR","RIO",NA,"20","17",NA,"17",NA,"581","../data/CA_prison_pop_reports/July_2005.pdf"
"355","(SIERRA CONSERV CTR)","SCC","89.7","320","287","320","287",NA,"590","../data/CA_prison_pop_reports/July_2005.pdf"
"356","(VALLEY SP)","VSP","1,980","3,663","3,644","185.0","19","3,686","599","../data/CA_prison_pop_reports/July_2005.pdf"
"357","Female Total","FEMALE","5,830","10,504","10,195","180.2","309","10,146","626","../data/CA_prison_pop_reports/July_2005.pdf"
"358","Total",NA,"83,256","159,189","157,917","191.2","1,272","163,755","663","../data/CA_prison_pop_reports/July_2005.pdf"
"359","(AVENAL SP)","ASP","235.7","2,920","6,882","7,222","6,882",NA,"122","../data/CA_prison_pop_reports/July_2008.pdf"
"360","(CAL CORRECTL CTR)","CCC","143.3","3,883","5,566","6,024","5,566",NA,"131","../data/CA_prison_pop_reports/July_2008.pdf"
"361","(CAL CORRECTL INSTITN)","CCI","206.6","2,783","5,751","5,620","5,751",NA,"139","../data/CA_prison_pop_reports/July_2008.pdf"
"362","(CAL INSTITN FOR MEN)","CIM","204.6","2,976","6,062","6,130","6,088","26","148","../data/CA_prison_pop_reports/July_2008.pdf"
"363","(CAL MEDICAL FACIL)","CMF","133.5","2,297","3,067","3,078","3,067",NA,"165","../data/CA_prison_pop_reports/July_2008.pdf"
"364","(CAL COLONY)","CMC","168.9","3,838","6,482","6,518","6,482",NA,"173","../data/CA_prison_pop_reports/July_2008.pdf"
"365","(CAL REHAB MEN)","CRC","174.6","2,491","3,784","4,604","4,349","565","182","../data/CA_prison_pop_reports/July_2008.pdf"
"366","(CAL CALIPATRIA)","CAL","185.4","2,308","4,279","4,218","4,279",NA,"190","../data/CA_prison_pop_reports/July_2008.pdf"
"367","(CAL CENTINELA)","CEN","208.8","2,308","4,819","5,136","4,819",NA,"207","../data/CA_prison_pop_reports/July_2008.pdf"
"368","(CAL CORCORAN)","COR","184.3","3,116","5,744","5,402","5,744",NA,"216","../data/CA_prison_pop_reports/July_2008.pdf"
"369","(CAL LOS ANGELES CO)","LAC","216.8","2,300","4,987","4,946","4,987",NA,"224","../data/CA_prison_pop_reports/July_2008.pdf"
"370","(CAL SACRAMENTO)","SAC","165.9","1,828","3,032","3,234","3,032",NA,"233","../data/CA_prison_pop_reports/July_2008.pdf"
"371","(CAL SAN QUENTIN)","SQ","166.8","3,082","5,135","5,274","5,140","5","250","../data/CA_prison_pop_reports/July_2008.pdf"
"372","(CAL SOLANO)","SOL","217.3","2,610","5,671","5,570","5,671",NA,"258","../data/CA_prison_pop_reports/July_2008.pdf"
"373","(CAL SATF AND SP COR)","SATF","208.1","3,424","7,120","7,473","7,124","4","267","../data/CA_prison_pop_reports/July_2008.pdf"
"374","(CHUCKAWALLA VALLEY SP)","CVSP","177.2","1,738","3,080","3,222","3,080",NA,"275","../data/CA_prison_pop_reports/July_2008.pdf"
"375","(CORRL TRAING FAC)","CTF","195.4","3,312","6,470","6,499","6,470",NA,"292","../data/CA_prison_pop_reports/July_2008.pdf"
"376","(DEUEL VOCATL INSTITN)","DVI","227.5","1,681","3,816","3,787","3,825","9","301","../data/CA_prison_pop_reports/July_2008.pdf"
"377","(FOLSOM SP)","FOL","163.5","2,469","4,037","4,078","4,037",NA,"309","../data/CA_prison_pop_reports/July_2008.pdf"
"378","(HIGH DESERT SP)","HDP","2,324","4,485","4,472","193.0","13","4,536","318","../data/CA_prison_pop_reports/July_2008.pdf"
"379","(IRONWOOD SP)","IRON","204.4","2,200","4,497","4,565","4,497",NA,"335","../data/CA_prison_pop_reports/July_2008.pdf"
"380","(KERN VALLEY SP)","KVSP","191.1","2,448","4,678","4,846","4,678",NA,"344","../data/CA_prison_pop_reports/July_2008.pdf"
"381","(MULE CREEK SP)","MCSP","217.2","1,700","3,692","3,714","3,692",NA,"352","../data/CA_prison_pop_reports/July_2008.pdf"
"382","(NORTH KERN SP)","NKSP","2,694","5,294","5,289","196.5","5","5,454","361","../data/CA_prison_pop_reports/July_2008.pdf"
"383","(PELICAN BAY SP)","PBSP","141.7","2,380","3,372","3,598","3,372",NA,"378","../data/CA_prison_pop_reports/July_2008.pdf"
"384","(PLEASANT VALLEY SP)","PVSP","224.7","2,308","5,186","5,192","5,186",NA,"386","../data/CA_prison_pop_reports/July_2008.pdf"
"385","(RIO COSUMNES COR","RIO",NA,"250","258",NA,"258",NA,"395","../data/CA_prison_pop_reports/July_2008.pdf"
"386","(RJ DONOVAN CORR FACIL)","RJD","209.5","2,200","4,609","4,588","4,609",NA,"403","../data/CA_prison_pop_reports/July_2008.pdf"
"387","(SALINAS VAL SP)","SVSP","171.5","2,388","4,095","4,100","4,095",NA,"420","../data/CA_prison_pop_reports/July_2008.pdf"
"388","(SANTA RITA","SRTA",NA,"750","881",NA,"881",NA,"429","../data/CA_prison_pop_reports/July_2008.pdf"
"389","(SAN BRUNO JAIL)","SBRN",NA,"30","1",NA,"1",NA,"437","../data/CA_prison_pop_reports/July_2008.pdf"
"390","(SIERRA CONSERV CTR)","SCC","162.5","3,736","6,070","6,046","6,070",NA,"446","../data/CA_prison_pop_reports/July_2008.pdf"
"391","(WASCO SP)","WSP","201.4","2,984","6,000","5,878","6,009","9","463","../data/CA_prison_pop_reports/July_2008.pdf"
"392","Male Total","MALE","78,726","149,520","148,884","189.9","636","151,582","488","../data/CA_prison_pop_reports/July_2008.pdf"
"393","(CAL INST FOR WOMEN)","CIW","1,356","2,681","2,476","197.7","205","2,549","531","../data/CA_prison_pop_reports/July_2008.pdf"
"394","(CENT CAL FACIL)","CCWF","2,004","4,096","4,093","204.4","3","4,086","539","../data/CA_prison_pop_reports/July_2008.pdf"
"395","(RIO COSUMNES COR","RIO",NA,NA,"16",NA,"16",NA,"548","../data/CA_prison_pop_reports/July_2008.pdf"
"396","(SANTA RITA","SRTA",NA,"20","2",NA,"2",NA,"557","../data/CA_prison_pop_reports/July_2008.pdf"
"397","(VALLEY SP)","VSP","1,980","4,037","4,027","203.9","10","4,158","565","../data/CA_prison_pop_reports/July_2008.pdf"
"398","Female Total","FEMALE","5,340","10,832","10,614","202.8","218","10,813","591","../data/CA_prison_pop_reports/July_2008.pdf"
"399","Total",NA,"84,066","160,352","159,498","190.7","854","162,395","633","../data/CA_prison_pop_reports/July_2008.pdf"
"400","(AVENAL SP)","ASP","216.4","2,920","6,320","6,506","6,320",NA,"122","../data/CA_prison_pop_reports/July_2009.pdf"
"401","(CAL CORRECTL CTR)","CCC","140.7","3,883","5,465","5,724","5,465",NA,"131","../data/CA_prison_pop_reports/July_2009.pdf"
"402","(CAL CORRECTL INSTITN)","CCI","201.2","2,783","5,600","5,732","5,600",NA,"139","../data/CA_prison_pop_reports/July_2009.pdf"
"403","(CAL INSTITN FOR MEN)","CIM","198.7","2,976","5,889","5,811","5,913","24","148","../data/CA_prison_pop_reports/July_2009.pdf"
"404","(CAL MEDICAL FACIL)","CMF","117.3","2,297","2,695","3,000","2,695",NA,"165","../data/CA_prison_pop_reports/July_2009.pdf"
"405","(CAL COLONY)","CMC","164.1","3,838","6,298","6,458","6,298",NA,"173","../data/CA_prison_pop_reports/July_2009.pdf"
"406","(CAL REHAB MEN)","CRC","170.3","2,491","3,697","4,408","4,242","545","182","../data/CA_prison_pop_reports/July_2009.pdf"
"407","(CAL CALIPATRIA)","CAL","185.3","2,308","4,276","4,218","4,276",NA,"190","../data/CA_prison_pop_reports/July_2009.pdf"
"408","(CAL CENTINELA)","CEN","196.0","2,308","4,523","4,628","4,523",NA,"207","../data/CA_prison_pop_reports/July_2009.pdf"
"409","(CAL CORCORAN)","COR","173.4","3,116","5,402","5,352","5,402",NA,"216","../data/CA_prison_pop_reports/July_2009.pdf"
"410","(CAL LOS ANGELES CO)","LAC","194.3","2,400","4,663","4,790","4,663",NA,"224","../data/CA_prison_pop_reports/July_2009.pdf"
"411","(CAL SACRAMENTO)","SAC","157.2","1,828","2,873","2,979","2,873",NA,"233","../data/CA_prison_pop_reports/July_2009.pdf"
"412","(CAL SAN QUENTIN)","SQ","168.3","3,082","5,174","5,274","5,187","13","250","../data/CA_prison_pop_reports/July_2009.pdf"
"413","(CAL SOLANO)","SOL","182.8","2,610","4,772","4,850","4,772",NA,"258","../data/CA_prison_pop_reports/July_2009.pdf"
"414","(CAL SATF AND SP COR)","SATF","200.5","3,424","6,861","7,009","6,864","3","267","../data/CA_prison_pop_reports/July_2009.pdf"
"415","(CHUCKAWALLA VALLEY SP)","CVSP","196.9","1,738","3,422","3,593","3,422",NA,"275","../data/CA_prison_pop_reports/July_2009.pdf"
"416","(CORRL TRAING FAC)","CTF","172.9","3,312","5,728","6,127","5,728",NA,"292","../data/CA_prison_pop_reports/July_2009.pdf"
"417","(DEUEL VOCATL INSTITN)","DVI","234.7","1,681","3,940","3,811","3,946","6","301","../data/CA_prison_pop_reports/July_2009.pdf"
"418","(FOLSOM SP)","FOL","165.0","2,469","4,075","4,078","4,075",NA,"309","../data/CA_prison_pop_reports/July_2009.pdf"
"419","(HIGH DESERT SP)","HDP","2,324","4,434","4,423","190.8","11","4,486","318","../data/CA_prison_pop_reports/July_2009.pdf"
"420","(IRONWOOD SP)","IRON","190.3","2,200","4,186","4,085","4,186",NA,"335","../data/CA_prison_pop_reports/July_2009.pdf"
"421","(KERN VALLEY SP)","KVSP","191.2","2,448","4,680","4,880","4,680",NA,"344","../data/CA_prison_pop_reports/July_2009.pdf"
"422","(MULE CREEK SP)","MCSP","219.9","1,700","3,739","3,812","3,739",NA,"352","../data/CA_prison_pop_reports/July_2009.pdf"
"423","(NORTH KERN SP)","NKSP","2,694","5,416","5,410","201.0","6","5,354","361","../data/CA_prison_pop_reports/July_2009.pdf"
"424","(PELICAN BAY SP)","PBSP","135.5","2,380","3,225","3,407","3,225",NA,"378","../data/CA_prison_pop_reports/July_2009.pdf"
"425","(PLEASANT VALLEY SP)","PVSP","212.8","2,308","4,912","4,922","4,912",NA,"386","../data/CA_prison_pop_reports/July_2009.pdf"
"426","(RIO COSUMNES COR","RIO",NA,"400","453",NA,"453",NA,"395","../data/CA_prison_pop_reports/July_2009.pdf"
"427","(RJ DONOVAN CORR FACIL)","RJD","216.3","2,200","4,759","4,814","4,759",NA,"403","../data/CA_prison_pop_reports/July_2009.pdf"
"428","(SALINAS VAL SP)","SVSP","168.9","2,388","4,033","3,971","4,033",NA,"420","../data/CA_prison_pop_reports/July_2009.pdf"
"429","(SANTA RITA","SRTA",NA,"750","882",NA,"882",NA,"429","../data/CA_prison_pop_reports/July_2009.pdf"
"430","(SIERRA CONSERV CTR)","SCC","145.0","3,736","5,419","5,621","5,419",NA,"437","../data/CA_prison_pop_reports/July_2009.pdf"
"431","(WASCO SP)","WSP","202.8","2,984","6,043","5,848","6,053","10","446","../data/CA_prison_pop_reports/July_2009.pdf"
"432","Male Total","MALE","78,826","144,455","143,837","183.3","618","146,698","480","../data/CA_prison_pop_reports/July_2009.pdf"
"433","(CAL INST FOR WOMEN)","CIW","1,386","2,627","2,422","189.5","205","2,715","522","../data/CA_prison_pop_reports/July_2009.pdf"
"434","(CENT CAL FACIL)","CCWF","2,004","3,856","3,851","192.4","5","3,966","531","../data/CA_prison_pop_reports/July_2009.pdf"
"435","(FRCCC BAKERSFIELD)","FRCC","101.3","75","76","75","76",NA,"539","../data/CA_prison_pop_reports/July_2009.pdf"
"436","(RIO COSUMNES COR","RIO",NA,NA,"16",NA,"16",NA,"548","../data/CA_prison_pop_reports/July_2009.pdf"
"437","(VALLEY SP)","VSP","1,980","3,867","3,854","195.3","13","3,958","557","../data/CA_prison_pop_reports/July_2009.pdf"
"438","Female Total","FEMALE","5,445","10,442","10,219","191.8","223","10,714","582","../data/CA_prison_pop_reports/July_2009.pdf"
"439","Total",NA,"84,271","154,897","154,056","183.8","841","157,412","625","../data/CA_prison_pop_reports/July_2009.pdf"
"440","(AVENAL SP)","ASP","226.9","2,920","6,626","6,726","6,626",NA,"122","../data/CA_prison_pop_reports/July_2010.pdf"
"441","(CAL CORRECTL CTR)","CCC","143.2","3,883","5,561","5,585","5,561",NA,"131","../data/CA_prison_pop_reports/July_2010.pdf"
"442","(CAL CORRECTL INSTITN)","CCI","214.3","2,783","5,962","5,732","5,964","2","139","../data/CA_prison_pop_reports/July_2010.pdf"
"443","(CAL INSTITN FOR MEN)","CIM","150.6","2,976","4,469","5,887","4,483","14","148","../data/CA_prison_pop_reports/July_2010.pdf"
"444","(CAL MEDICAL FACIL)","CMF","113.4","2,297","2,604","2,593","2,604",NA,"165","../data/CA_prison_pop_reports/July_2010.pdf"
"445","(CAL COLONY)","CMC","168.1","3,838","6,451","6,458","6,451",NA,"173","../data/CA_prison_pop_reports/July_2010.pdf"
"446","(CAL REHAB MEN)","CRC","176.5","2,491","3,909","4,408","4,397","488","182","../data/CA_prison_pop_reports/July_2010.pdf"
"447","(CAL CALIPATRIA)","CAL","178.2","2,308","4,114","4,218","4,114",NA,"190","../data/CA_prison_pop_reports/July_2010.pdf"
"448","(CAL CENTINELA)","CEN","188.0","2,308","4,338","4,508","4,338",NA,"207","../data/CA_prison_pop_reports/July_2010.pdf"
"449","(CAL CORCORAN)","COR","166.6","3,116","5,191","5,281","5,191",NA,"216","../data/CA_prison_pop_reports/July_2010.pdf"
"450","(CAL LOS ANGELES CO)","LAC","191.4","2,400","4,594","4,790","4,594",NA,"224","../data/CA_prison_pop_reports/July_2010.pdf"
"451","(CAL SACRAMENTO)","SAC","159.7","1,828","2,919","2,979","2,919",NA,"233","../data/CA_prison_pop_reports/July_2010.pdf"
"452","(CAL SAN QUENTIN)","SQ","172.0","2,967","5,098","5,014","5,103","5","250","../data/CA_prison_pop_reports/July_2010.pdf"
"453","(CAL SOLANO)","SOL","196.2","2,610","5,121","5,137","5,121",NA,"258","../data/CA_prison_pop_reports/July_2010.pdf"
"454","(CAL SATF AND SP COR)","SATF","192.8","3,424","6,598","6,678","6,602","4","267","../data/CA_prison_pop_reports/July_2010.pdf"
"455","(CHUCKAWALLA VALLEY SP)","CVSP","202.1","1,738","3,512","3,687","3,512",NA,"275","../data/CA_prison_pop_reports/July_2010.pdf"
"456","(CORRL TRAING FAC)","CTF","195.4","3,312","6,472","6,127","6,472",NA,"292","../data/CA_prison_pop_reports/July_2010.pdf"
"457","(DEUEL VOCATL INSTITN)","DVI","230.5","1,681","3,853","3,811","3,875","22","301","../data/CA_prison_pop_reports/July_2010.pdf"
"458","(FOLSOM SP)","FOL","144.7","2,469","3,572","3,675","3,572",NA,"309","../data/CA_prison_pop_reports/July_2010.pdf"
"459","(HIGH DESERT SP)","HDP","2,324","4,461","4,454","192.0","7","4,486","318","../data/CA_prison_pop_reports/July_2010.pdf"
"460","(IRONWOOD SP)","IRON","178.3","2,200","3,923","4,085","3,923",NA,"335","../data/CA_prison_pop_reports/July_2010.pdf"
"461","(KERN VALLEY SP)","KVSP","186.7","2,448","4,571","4,884","4,571",NA,"344","../data/CA_prison_pop_reports/July_2010.pdf"
"462","(MULE CREEK SP)","MCSP","221.9","1,700","3,772","3,732","3,772",NA,"352","../data/CA_prison_pop_reports/July_2010.pdf"
"463","(NORTH KERN SP)","NKSP","2,694","5,251","5,241","194.9","10","5,354","361","../data/CA_prison_pop_reports/July_2010.pdf"
"464","(PELICAN BAY SP)","PBSP","137.7","2,380","3,278","3,449","3,278",NA,"378","../data/CA_prison_pop_reports/July_2010.pdf"
"465","(PLEASANT VALLEY SP)","PVSP","200.4","2,308","4,626","4,722","4,626",NA,"386","../data/CA_prison_pop_reports/July_2010.pdf"
"466","(RIO COSUMNES COR","RIO",NA,"400","424",NA,"424",NA,"395","../data/CA_prison_pop_reports/July_2010.pdf"
"467","(RJ DONOVAN CORR FACIL)","RJD","2,200","4,649","4,648","211.3","1","4,814","403","../data/CA_prison_pop_reports/July_2010.pdf"
"468","(SALINAS VAL SP)","SVSP","153.1","2,388","3,657","3,793","3,657",NA,"420","../data/CA_prison_pop_reports/July_2010.pdf"
"469","(SANTA RITA","SRTA",NA,"750","787",NA,"787",NA,"429","../data/CA_prison_pop_reports/July_2010.pdf"
"470","(SIERRA CONSERV CTR)","SCC","142.8","3,736","5,335","5,391","5,335",NA,"437","../data/CA_prison_pop_reports/July_2010.pdf"
"471","(WASCO SP)","WSP","2,984","5,799","5,789","194.3","10","5,800","446","../data/CA_prison_pop_reports/July_2010.pdf"
"472","Male Total","MALE","78,711","142,032","141,469","180.4","563","144,954","480","../data/CA_prison_pop_reports/July_2010.pdf"
"473","(CAL INST FOR WOMEN)","CIW","1,386","2,404","2,222","173.4","182","2,521","522","../data/CA_prison_pop_reports/July_2010.pdf"
"474","(CENT CAL FACIL)","CCWF","2,004","3,644","3,640","181.8","4","3,859","531","../data/CA_prison_pop_reports/July_2010.pdf"
"475","(FRCCC BAKERSFIELD)","FRCC","105.3","75","79","75","79",NA,"539","../data/CA_prison_pop_reports/July_2010.pdf"
"476","(RIO COSUMNES COR","RIO",NA,NA,"4",NA,"4",NA,"548","../data/CA_prison_pop_reports/July_2010.pdf"
"477","(VALLEY SP)","VSP","1,980","3,387","3,376","171.1","11","3,486","557","../data/CA_prison_pop_reports/July_2010.pdf"
"478","Female Total","FEMALE","5,445","9,518","9,321","174.8","197","9,941","582","../data/CA_prison_pop_reports/July_2010.pdf"
"479","Total",NA,"84,156","151,550","150,790","180.1","760","154,895","625","../data/CA_prison_pop_reports/July_2010.pdf"
"480","(AVENAL SP)","ASP","196.1","2,920","5,725","5,760","5,725",NA,"122","../data/CA_prison_pop_reports/July_2011.pdf"
"481","(CAL CORRECTL CTR)","CCC","140.4","3,883","5,452","5,533","5,452",NA,"131","../data/CA_prison_pop_reports/July_2011.pdf"
"482","(CAL CORRECTL INSTITN)","CCI","205.5","2,783","5,718","5,812","5,718",NA,"139","../data/CA_prison_pop_reports/July_2011.pdf"
"483","(CAL INSTITN FOR MEN)","CIM","203.7","2,976","6,060","7,407","6,062","2","148","../data/CA_prison_pop_reports/July_2011.pdf"
"484","(CAL MEDICAL FACIL)","CMF","124.7","2,297","2,865","2,780","2,865",NA,"165","../data/CA_prison_pop_reports/July_2011.pdf"
"485","(CAL COLONY)","CMC","163.0","3,838","6,255","6,361","6,255",NA,"173","../data/CA_prison_pop_reports/July_2011.pdf"
"486","(CAL REHAB MEN)","CRC","164.4","2,491","3,753","4,176","4,096","343","182","../data/CA_prison_pop_reports/July_2011.pdf"
"487","(CAL CALIPATRIA)","CAL","183.9","2,308","4,244","4,045","4,244",NA,"190","../data/CA_prison_pop_reports/July_2011.pdf"
"488","(CAL CENTINELA)","CEN","179.6","2,308","4,146","4,143","4,146",NA,"207","../data/CA_prison_pop_reports/July_2011.pdf"
"489","(CAL CORCORAN)","COR","155.7","3,116","4,851","4,918","4,851",NA,"216","../data/CA_prison_pop_reports/July_2011.pdf"
"490","(CAL LOS ANGELES CO)","LAC","182.7","2,300","4,201","4,380","4,201",NA,"224","../data/CA_prison_pop_reports/July_2011.pdf"
"491","(CAL SACRAMENTO)","SAC","154.8","1,828","2,829","2,843","2,829",NA,"233","../data/CA_prison_pop_reports/July_2011.pdf"
"492","(CAL SAN QUENTIN)","SQ","155.4","3,082","4,780","4,792","4,788","8","250","../data/CA_prison_pop_reports/July_2011.pdf"
"493","(CAL SOLANO)","SOL","192.7","2,610","5,029","4,990","5,029",NA,"258","../data/CA_prison_pop_reports/July_2011.pdf"
"494","(CAL SATF AND SP COR)","SATF","185.0","3,424","6,319","6,138","6,335","16","267","../data/CA_prison_pop_reports/July_2011.pdf"
"495","(CHUCKAWALLA VALLEY SP)","CVSP","178.9","1,738","3,109","3,218","3,109",NA,"275","../data/CA_prison_pop_reports/July_2011.pdf"
"496","(CORRL TRAING FAC)","CTF","196.7","3,312","6,515","6,127","6,515",NA,"292","../data/CA_prison_pop_reports/July_2011.pdf"
"497","(DEUEL VOCATL INSTITN)","DVI","1,681","3,842","3,831","228.6","11","3,811","301","../data/CA_prison_pop_reports/July_2011.pdf"
"498","(FOLSOM SP)","FOL","2,469","3,708","3,707","150.2","1","3,601","309","../data/CA_prison_pop_reports/July_2011.pdf"
"499","(HIGH DESERT SP)","HDP","2,324","4,231","4,226","182.1","5","4,211","318","../data/CA_prison_pop_reports/July_2011.pdf"
"500","(IRONWOOD SP)","IRON","188.8","2,200","4,153","4,010","4,153",NA,"335","../data/CA_prison_pop_reports/July_2011.pdf"
"501","(KERN VALLEY SP)","KVSP","192.3","2,448","4,708","4,729","4,708",NA,"344","../data/CA_prison_pop_reports/July_2011.pdf"
"502","(MULE CREEK SP)","MCSP","210.1","1,700","3,572","3,516","3,572",NA,"352","../data/CA_prison_pop_reports/July_2011.pdf"
"503","(NORTH KERN SP)","NKSP","2,694","5,134","5,128","190.6","6","5,110","361","../data/CA_prison_pop_reports/July_2011.pdf"
"504","(PELICAN BAY SP)","PBSP","135.0","2,380","3,212","3,208","3,212",NA,"378","../data/CA_prison_pop_reports/July_2011.pdf"
"505","(PLEASANT VALLEY SP)","PVSP","198.1","2,308","4,572","4,647","4,572",NA,"386","../data/CA_prison_pop_reports/July_2011.pdf"
"506","(RJ DONOVAN CORR FACIL)","RJD","197.6","2,200","4,347","4,436","4,347",NA,"395","../data/CA_prison_pop_reports/July_2011.pdf"
"507","(SALINAS VAL SP)","SVSP","160.9","2,452","3,945","3,859","3,945",NA,"403","../data/CA_prison_pop_reports/July_2011.pdf"
"508","(SIERRA CONSERV CTR)","SCC","138.7","3,736","5,182","5,548","5,182",NA,"420","../data/CA_prison_pop_reports/July_2011.pdf"
"509","(WASCO SP)","WSP","2,984","5,689","5,683","190.7","6","5,584","429","../data/CA_prison_pop_reports/July_2011.pdf"
"510","Male Total","MALE","78,790","138,515","138,117","175.8","398","139,693","446","../data/CA_prison_pop_reports/July_2011.pdf"
"511","(CAL INST FOR WOMEN)","CIW","1,386","2,035","1,920","146.8","115","2,147","488","../data/CA_prison_pop_reports/July_2011.pdf"
"512","(CENT CAL FACIL)","CCWF","2,004","3,826","3,823","190.9","3","3,859","497","../data/CA_prison_pop_reports/July_2011.pdf"
"513","(VALLEY SP)","VSP","1,936","3,322","3,316","171.6","6","3,244","505","../data/CA_prison_pop_reports/July_2011.pdf"
"514","Female Total","FEMALE","5,326","9,183","9,059","172.4","124","9,250","522","../data/CA_prison_pop_reports/July_2011.pdf"
"515","Total",NA,"84,116","147,698","147,176","175.6","522","148,943","574","../data/CA_prison_pop_reports/July_2011.pdf"
"516","(AVENAL SP)","ASP","158.9","2,920","4,641","4,606","4,641",NA,"122","../data/CA_prison_pop_reports/July_2012.pdf"
"517","(CAL CORRECTL CTR)","CCC","115.5","3,883","4,485","4,392","4,485",NA,"131","../data/CA_prison_pop_reports/July_2012.pdf"
"518","(CAL CORRECTL INSTITN)","CCI","168.1","2,783","4,679","5,083","4,679",NA,"139","../data/CA_prison_pop_reports/July_2012.pdf"
"519","(CAL INSTITN FOR MEN)","CIM","165.4","2,976","4,915","6,005","4,921","6","148","../data/CA_prison_pop_reports/July_2012.pdf"
"520","(CAL MEDICAL FACIL)","CMF","102.2","2,297","2,347","2,377","2,347",NA,"165","../data/CA_prison_pop_reports/July_2012.pdf"
"521","(CAL COLONY)","CMC","139.1","3,838","5,340","5,320","5,340",NA,"173","../data/CA_prison_pop_reports/July_2012.pdf"
"522","(CAL REHAB MEN)","CRC","146.1","2,491","3,451","3,769","3,639","188","182","../data/CA_prison_pop_reports/July_2012.pdf"
"523","(CAL CALIPATRIA)","CAL","162.4","2,308","3,749","3,710","3,749",NA,"190","../data/CA_prison_pop_reports/July_2012.pdf"
"524","(CAL CENTINELA)","CEN","162.3","2,308","3,746","3,758","3,746",NA,"207","../data/CA_prison_pop_reports/July_2012.pdf"
"525","(CAL CORCORAN)","COR","151.8","3,116","4,731","4,619","4,731",NA,"216","../data/CA_prison_pop_reports/July_2012.pdf"
"526","(CAL LOS ANGELES CO)","LAC","171.7","2,300","3,950","3,990","3,950",NA,"224","../data/CA_prison_pop_reports/July_2012.pdf"
"527","(CAL SACRAMENTO)","SAC","145.0","1,828","2,651","2,743","2,651",NA,"233","../data/CA_prison_pop_reports/July_2012.pdf"
"528","(CAL SAN QUENTIN)","SQ","120.0","3,082","3,699","3,882","3,699",NA,"250","../data/CA_prison_pop_reports/July_2012.pdf"
"529","(CAL SOLANO)","SOL","161.6","2,610","4,219","4,240","4,219",NA,"258","../data/CA_prison_pop_reports/July_2012.pdf"
"530","(CAL SATF AND SP COR)","SATF","161.3","3,424","5,518","5,300","5,523","5","267","../data/CA_prison_pop_reports/July_2012.pdf"
"531","(CHUCKAWALLA VALLEY SP)","CVSP","152.9","1,738","2,657","2,615","2,657",NA,"275","../data/CA_prison_pop_reports/July_2012.pdf"
"532","(CORRL TRAING FAC)","CTF","170.4","3,312","5,644","5,202","5,644",NA,"292","../data/CA_prison_pop_reports/July_2012.pdf"
"533","(DEUEL VOCATL INSTITN)","DVI","149.3","1,681","2,505","2,478","2,510","5","301","../data/CA_prison_pop_reports/July_2012.pdf"
"534","(FOLSOM SP)","FOL","115.0","2,469","2,839","2,852","2,839",NA,"309","../data/CA_prison_pop_reports/July_2012.pdf"
"535","(HIGH DESERT SP)","HDP","2,324","3,732","3,730","160.6","2","3,695","318","../data/CA_prison_pop_reports/July_2012.pdf"
"536","(IRONWOOD SP)","IRON","155.5","2,200","3,420","3,310","3,420",NA,"335","../data/CA_prison_pop_reports/July_2012.pdf"
"537","(KERN VALLEY SP)","KVSP","169.6","2,448","4,151","4,344","4,151",NA,"344","../data/CA_prison_pop_reports/July_2012.pdf"
"538","(MULE CREEK SP)","MCSP","179.4","1,700","3,049","3,036","3,049",NA,"352","../data/CA_prison_pop_reports/July_2012.pdf"
"539","(NORTH KERN SP)","NKSP","2,694","4,623","4,621","171.6","2","4,789","361","../data/CA_prison_pop_reports/July_2012.pdf"
"540","(PELICAN BAY SP)","PBSP","133.3","2,380","3,173","3,143","3,173",NA,"378","../data/CA_prison_pop_reports/July_2012.pdf"
"541","(PLEASANT VALLEY SP)","PVSP","165.3","2,308","3,816","3,758","3,816",NA,"386","../data/CA_prison_pop_reports/July_2012.pdf"
"542","(RJ DONOVAN CORR FACIL)","RJD","148.5","2,200","3,267","3,560","3,267",NA,"395","../data/CA_prison_pop_reports/July_2012.pdf"
"543","(SALINAS VAL SP)","SVSP","144.8","2,452","3,550","3,459","3,550",NA,"403","../data/CA_prison_pop_reports/July_2012.pdf"
"544","(SIERRA CONSERV CTR)","SCC","115.5","3,736","4,316","4,701","4,316",NA,"420","../data/CA_prison_pop_reports/July_2012.pdf"
"545","(WASCO SP)","WSP","2,984","4,889","4,886","163.8","3","5,135","429","../data/CA_prison_pop_reports/July_2012.pdf"
"546","Male Total","MALE","78,790","117,956","117,745","149.7","211","119,871","446","../data/CA_prison_pop_reports/July_2012.pdf"
"547","(CAL INST FOR WOMEN)","CIW","1,356","1,493","1,454","110.1","39","1,642","488","../data/CA_prison_pop_reports/July_2012.pdf"
"548","(CENT CAL FACIL)","CCWF","2,004","2,667","2,615","133.1","52","2,836","497","../data/CA_prison_pop_reports/July_2012.pdf"
"549","(VALLEY SP)","VSP","100.8","1,980","1,995","2,101","1,995",NA,"505","../data/CA_prison_pop_reports/July_2012.pdf"
"550","Female Total","FEMALE","5,340","6,155","6,064","115.3","91","6,579","522","../data/CA_prison_pop_reports/July_2012.pdf"
"551","Total",NA,"84,130","124,111","123,809","147.5","302","126,450","574","../data/CA_prison_pop_reports/July_2012.pdf"
"552","(AVENAL SP)","ASP","154.9","2,920","4,523","4,456","4,523",NA,"122","../data/CA_prison_pop_reports/July_2013.pdf"
"553","(CAL CORRECTL CTR)","CCC","128.9","3,883","5,007","4,718","5,007",NA,"131","../data/CA_prison_pop_reports/July_2013.pdf"
"554","(CAL CORRECTL INSTITN)","CCI","163.7","2,783","4,557","4,267","4,557",NA,"139","../data/CA_prison_pop_reports/July_2013.pdf"
"555","(CAL HEALTH CARE FACIL)","CHCF","10.0","1,818","182","1,818","182",NA,"148","../data/CA_prison_pop_reports/July_2013.pdf"
"556","(CAL INSTITN FOR MEN)","CIM","162.8","2,976","4,843","4,455","4,845","2","165","../data/CA_prison_pop_reports/July_2013.pdf"
"557","(CAL MEDICAL FACIL)","CMF","98.5","2,361","2,326","2,692","2,326",NA,"173","../data/CA_prison_pop_reports/July_2013.pdf"
"558","(CAL COLONY)","CMC","128.0","3,838","4,911","5,157","4,911",NA,"182","../data/CA_prison_pop_reports/July_2013.pdf"
"559","(CAL REHAB MEN)","CRC","141.4","2,491","3,479","3,481","3,522","43","190","../data/CA_prison_pop_reports/July_2013.pdf"
"560","(CAL CALIPATRIA)","CAL","157.8","2,308","3,641","3,608","3,641",NA,"207","../data/CA_prison_pop_reports/July_2013.pdf"
"561","(CAL CENTINELA)","CEN","125.8","2,308","2,903","3,358","2,903",NA,"216","../data/CA_prison_pop_reports/July_2013.pdf"
"562","(CAL CORCORAN)","COR","137.5","3,116","4,284","4,419","4,284",NA,"224","../data/CA_prison_pop_reports/July_2013.pdf"
"563","(CAL LOS ANGELES CO)","LAC","157.1","2,300","3,613","3,501","3,613",NA,"233","../data/CA_prison_pop_reports/July_2013.pdf"
"564","(CAL SACRAMENTO)","SAC","121.9","1,828","2,229","2,539","2,229",NA,"250","../data/CA_prison_pop_reports/July_2013.pdf"
"565","(CAL SAN QUENTIN)","SQ","139.6","3,082","4,303","3,710","4,303",NA,"258","../data/CA_prison_pop_reports/July_2013.pdf"
"566","(CAL SOLANO)","SOL","151.4","2,610","3,951","3,940","3,951",NA,"267","../data/CA_prison_pop_reports/July_2013.pdf"
"567","(CAL SATF AND SP COR)","SATF","165.1","3,424","5,653","5,290","5,654","1","275","../data/CA_prison_pop_reports/July_2013.pdf"
"568","(CHUCKAWALLA VALLEY SP)","CVSP","149.7","1,738","2,599","2,453","2,601","2","292","../data/CA_prison_pop_reports/July_2013.pdf"
"569","(CORRL TRAING FAC)","CTF","159.7","3,312","5,290","4,981","5,290",NA,"301","../data/CA_prison_pop_reports/July_2013.pdf"
"570","(DEUEL VOCATL INSTITN)","DVI","166.0","1,681","2,789","2,368","2,790","1","309","../data/CA_prison_pop_reports/July_2013.pdf"
"571","(FOLSOM SP)","FOL","129.9","2,066","2,684","2,895","2,684",NA,"318","../data/CA_prison_pop_reports/July_2013.pdf"
"572","(HIGH DESERT SP)","HDP","142.3","2,324","3,308","3,560","3,308",NA,"335","../data/CA_prison_pop_reports/July_2013.pdf"
"573","(IRONWOOD SP)","IRON","145.1","2,200","3,192","3,175","3,192",NA,"344","../data/CA_prison_pop_reports/July_2013.pdf"
"574","(KERN VALLEY SP)","KVSP","151.3","2,448","3,705","4,194","3,705",NA,"352","../data/CA_prison_pop_reports/July_2013.pdf"
"575","(MULE CREEK SP)","MCSP","164.1","1,700","2,789","2,570","2,789",NA,"361","../data/CA_prison_pop_reports/July_2013.pdf"
"576","(NORTH KERN SP)","NKSP","177.2","2,694","4,773","4,397","4,773",NA,"378","../data/CA_prison_pop_reports/July_2013.pdf"
"577","(PELICAN BAY SP)","PBSP","118.7","2,380","2,826","3,188","2,826",NA,"386","../data/CA_prison_pop_reports/July_2013.pdf"
"578","(PLEASANT VALLEY SP)","PVSP","147.3","2,308","3,400","3,558","3,400",NA,"395","../data/CA_prison_pop_reports/July_2013.pdf"
"579","(RJ DONOVAN CORR FACIL)","RJD","147.8","2,200","3,252","3,280","3,252",NA,"403","../data/CA_prison_pop_reports/July_2013.pdf"
"580","(SALINAS VAL SP)","SVSP","143.8","2,452","3,526","3,484","3,526",NA,"420","../data/CA_prison_pop_reports/July_2013.pdf"
"581","(SIERRA CONSERV CTR)","SCC","130.4","3,736","4,870","4,576","4,870",NA,"429","../data/CA_prison_pop_reports/July_2013.pdf"
"582","(VALLEY SP MEN)","VSPM","156.8","1,980","3,105","2,970","3,105",NA,"437","../data/CA_prison_pop_reports/July_2013.pdf"
"583","(WASCO SP)","WSP","171.1","2,984","5,107","4,997","5,107",NA,"446","../data/CA_prison_pop_reports/July_2013.pdf"
"584","Male Total","MALE","82,249","117,669","117,620","143.1","49","118,055","471","../data/CA_prison_pop_reports/July_2013.pdf"
"585","(CAL INST FOR WOMEN)","CIW","1,398","2,150","2,141","153.8","9","2,042","514","../data/CA_prison_pop_reports/July_2013.pdf"
"586","(CENT CAL FACIL)","CCWF","2,004","3,478","3,474","173.6","4","3,430","522","../data/CA_prison_pop_reports/July_2013.pdf"
"587","(FOLSOM WF)","FWF","59.1","403","238","200","238",NA,"531","../data/CA_prison_pop_reports/July_2013.pdf"
"588","Female Total","FEMALE","3,805","5,866","5,853","154.2","13","5,672","548","../data/CA_prison_pop_reports/July_2013.pdf"
"589","Total",NA,"86,054","123,535","123,473","143.6","62","123,727","599","../data/CA_prison_pop_reports/July_2013.pdf"
"590","(Avenal SP)","ASP","124.9","2,920","3,647","4,702","3,647",NA,"122","../data/CA_prison_pop_reports/July_2014.pdf"
"591","(Calipatria SP)","CAL","166.9","2,308","3,851","3,833","3,851",NA,"131","../data/CA_prison_pop_reports/July_2014.pdf"
"592","(CA Correctional Center)","CCC","126.8","3,883","4,923","4,872","4,924","1","139","../data/CA_prison_pop_reports/July_2014.pdf"
"593","(CA Correctional Institution)","CCI","159.2","2,783","4,431","4,412","4,431",NA,"148","../data/CA_prison_pop_reports/July_2014.pdf"
"594","(Centinela SP)","CEN","120.3","2,308","2,777","3,433","2,777",NA,"165","../data/CA_prison_pop_reports/July_2014.pdf"
"595","(CA Health Care Fac Stockton)","CHCF","53.4","2,951","1,577","2,951","1,577",NA,"173","../data/CA_prison_pop_reports/July_2014.pdf"
"596","(CA Institution for Men)","CIM","158.9","2,976","4,728","4,728","4,728",NA,"182","../data/CA_prison_pop_reports/July_2014.pdf"
"597","(CA Colony)","CMC","111.4","3,838","4,276","4,659","4,277","1","190","../data/CA_prison_pop_reports/July_2014.pdf"
"598","(CA Medical Fac)","CMF","87.7","2,361","2,070","2,522","2,070",NA,"207","../data/CA_prison_pop_reports/July_2014.pdf"
"599","(CA Corcoran)","COR","138.5","3,116","4,317","4,445","4,317",NA,"216","../data/CA_prison_pop_reports/July_2014.pdf"
"600","(CA Rehabilitation Center)","CRC","111.8","2,491","2,785","3,481","2,785",NA,"224","../data/CA_prison_pop_reports/July_2014.pdf"
"601","(Correctional Training Fac)","CTF","152.5","3,312","5,051","5,231","5,051",NA,"233","../data/CA_prison_pop_reports/July_2014.pdf"
"602","(Chuckawalla Valley SP)","CVSP","132.1","1,738","2,296","2,478","2,296",NA,"250","../data/CA_prison_pop_reports/July_2014.pdf"
"603","(Deuel Vocational Institution)","DVI","152.7","1,681","2,567","2,585","2,567",NA,"258","../data/CA_prison_pop_reports/July_2014.pdf"
"604","(Folsom SP)","FOL","124.6","2,066","2,575","2,895","2,575",NA,"267","../data/CA_prison_pop_reports/July_2014.pdf"
"605","(High Desert SP)","HDSP","144.7","2,324","3,362","3,461","3,362",NA,"275","../data/CA_prison_pop_reports/July_2014.pdf"
"606","(Ironwood SP)","ISP","133.4","2,200","2,935","3,175","2,935",NA,"292","../data/CA_prison_pop_reports/July_2014.pdf"
"607","(Kern Valley SP)","KVSP","156.9","2,448","3,842","3,910","3,842",NA,"301","../data/CA_prison_pop_reports/July_2014.pdf"
"608","(CA Los Angeles County)","LAC","156.7","2,300","3,605","3,625","3,605",NA,"309","../data/CA_prison_pop_reports/July_2014.pdf"
"609","(Mule Creek SP)","MCSP","173.3","1,700","2,946","2,744","2,946",NA,"318","../data/CA_prison_pop_reports/July_2014.pdf"
"610","(North Kern SP)","NKSP","172.0","2,694","4,634","4,529","4,634",NA,"335","../data/CA_prison_pop_reports/July_2014.pdf"
"611","(Pelican Bay SP)","PBSP","118.5","2,380","2,821","3,032","2,821",NA,"344","../data/CA_prison_pop_reports/July_2014.pdf"
"612","(Pleasant Valley SP)","PVSP","133.4","2,308","3,080","3,533","3,080",NA,"352","../data/CA_prison_pop_reports/July_2014.pdf"
"613","(RJ Donovan Correctional Fac)","RJD","136.6","2,200","3,006","3,280","3,006",NA,"361","../data/CA_prison_pop_reports/July_2014.pdf"
"614","(CA Sacramento)","SAC","122.2","1,828","2,234","2,312","2,234",NA,"378","../data/CA_prison_pop_reports/July_2014.pdf"
"615","(CA Substance Abuse Treat Fac)","SATF","158.5","3,424","5,427","5,474","5,427",NA,"386","../data/CA_prison_pop_reports/July_2014.pdf"
"616","(Sierra Conservation Center)","SCC","124.2","3,736","4,641","4,674","4,641",NA,"395","../data/CA_prison_pop_reports/July_2014.pdf"
"617","(CA Solano)","SOL","152.0","2,610","3,965","3,890","3,966","1","403","../data/CA_prison_pop_reports/July_2014.pdf"
"618","(San Quentin SP)","SQ","125.5","3,082","3,867","3,898","3,867",NA,"420","../data/CA_prison_pop_reports/July_2014.pdf"
"619","(Salinas Valley SP)","SVSP","137.8","2,452","3,378","3,699","3,378",NA,"429","../data/CA_prison_pop_reports/July_2014.pdf"
"620","(Valley SP)","VSP","166.0","1,980","3,287","3,390","3,287",NA,"437","../data/CA_prison_pop_reports/July_2014.pdf"
"621","(Wasco SP)","WSP","172.4","2,984","5,145","4,997","5,145",NA,"446","../data/CA_prison_pop_reports/July_2014.pdf"
"622","Male Total","MALE","83,382","114,049","114,046","136.8","3","120,850","471","../data/CA_prison_pop_reports/July_2014.pdf"
"623","(Central CA Fac)","CCWF","186.3","2,004","3,734","3,515","3,734",NA,"514","../data/CA_prison_pop_reports/July_2014.pdf"
"624","(CA Institution for Women)","CIW","148.2","1,398","2,072","2,042","2,072",NA,"522","../data/CA_prison_pop_reports/July_2014.pdf"
"625","(Folsom SP)","FOL","101.0","403","407","443","407",NA,"531","../data/CA_prison_pop_reports/July_2014.pdf"
"626","Female Total","FEMALE","163.3","3,805","6,213","6,000","6,213",NA,"548","../data/CA_prison_pop_reports/July_2014.pdf"
"627","Total",NA,"87,187","120,262","120,259","137.9","3","126,850","591","../data/CA_prison_pop_reports/July_2014.pdf"
"628","(Avenal SP)","ASP","87.5","2,920","2,555","4,702","2,555",NA,"122","../data/CA_prison_pop_reports/July_2015.pdf"
"629","(Calipatria SP)","CAL","164.5","2,308","3,796","3,883","3,796",NA,"131","../data/CA_prison_pop_reports/July_2015.pdf"
"630","(CA Correctional Center)","CCC","102.8","3,883","3,991","4,872","3,992","1","139","../data/CA_prison_pop_reports/July_2015.pdf"
"631","(CA Correctional Institution)","CCI","141.1","2,783","3,928","4,414","3,928",NA,"148","../data/CA_prison_pop_reports/July_2015.pdf"
"632","(Centinela SP)","CEN","152.6","2,308","3,522","3,433","3,522",NA,"165","../data/CA_prison_pop_reports/July_2015.pdf"
"633","(CA Health Care Fac Stockton)","CHCF","68.7","2,951","2,027","2,951","2,027",NA,"173","../data/CA_prison_pop_reports/July_2015.pdf"
"634","(CA Institution for Men)","CIM","127.5","2,976","3,794","4,728","3,794",NA,"182","../data/CA_prison_pop_reports/July_2015.pdf"
"635","(CA Colony)","CMC","97.7","3,838","3,749","4,668","3,750","1","190","../data/CA_prison_pop_reports/July_2015.pdf"
"636","(CA Medical Fac)","CMF","101.4","2,361","2,394","2,756","2,394",NA,"207","../data/CA_prison_pop_reports/July_2015.pdf"
"637","(CA Corcoran)","COR","141.4","3,116","4,406","4,445","4,406",NA,"216","../data/CA_prison_pop_reports/July_2015.pdf"
"638","(CA Rehabilitation Center)","CRC","96.5","2,491","2,404","3,487","2,404",NA,"224","../data/CA_prison_pop_reports/July_2015.pdf"
"639","(Correctional Training Fac)","CTF","155.6","3,312","5,154","5,231","5,154",NA,"233","../data/CA_prison_pop_reports/July_2015.pdf"
"640","(Chuckawalla Valley SP)","CVSP","129.2","1,738","2,246","2,641","2,246",NA,"250","../data/CA_prison_pop_reports/July_2015.pdf"
"641","(Deuel Vocational Institution)","DVI","130.9","1,681","2,201","2,586","2,201",NA,"258","../data/CA_prison_pop_reports/July_2015.pdf"
"642","(Folsom SP)","FOL","113.3","2,066","2,340","2,895","2,340",NA,"267","../data/CA_prison_pop_reports/July_2015.pdf"
"643","(High Desert SP)","HDSP","145.7","2,324","3,385","3,461","3,385",NA,"275","../data/CA_prison_pop_reports/July_2015.pdf"
"644","(Ironwood SP)","ISP","166.9","2,200","3,671","3,175","3,671",NA,"292","../data/CA_prison_pop_reports/July_2015.pdf"
"645","(Kern Valley SP)","KVSP","147.3","2,448","3,605","3,910","3,605",NA,"301","../data/CA_prison_pop_reports/July_2015.pdf"
"646","(CA Los Angeles County)","LAC","152.9","2,300","3,516","3,600","3,516",NA,"309","../data/CA_prison_pop_reports/July_2015.pdf"
"647","(Mule Creek SP)","MCSP","173.4","1,700","2,947","2,807","2,947",NA,"318","../data/CA_prison_pop_reports/July_2015.pdf"
"648","(North Kern SP)","NKSP","166.3","2,694","4,479","4,529","4,479",NA,"335","../data/CA_prison_pop_reports/July_2015.pdf"
"649","(Pelican Bay SP)","PBSP","114.5","2,380","2,724","3,032","2,724",NA,"344","../data/CA_prison_pop_reports/July_2015.pdf"
"650","(Pleasant Valley SP)","PVSP","99.7","2,308","2,301","3,533","2,301",NA,"352","../data/CA_prison_pop_reports/July_2015.pdf"
"651","(RJ Donovan Correctional Fac)","RJD","144.0","2,200","3,167","3,305","3,167",NA,"361","../data/CA_prison_pop_reports/July_2015.pdf"
"652","(CA Sacramento)","SAC","126.8","1,828","2,317","2,312","2,317",NA,"378","../data/CA_prison_pop_reports/July_2015.pdf"
"653","(CA Substance Abuse Treat Fac)","SATF","161.6","3,424","5,533","5,449","5,533",NA,"386","../data/CA_prison_pop_reports/July_2015.pdf"
"654","(Sierra Conservation Center)","SCC","113.8","3,836","4,364","4,774","4,364",NA,"395","../data/CA_prison_pop_reports/July_2015.pdf"
"655","(CA Solano)","SOL","147.0","2,610","3,838","3,890","3,838",NA,"403","../data/CA_prison_pop_reports/July_2015.pdf"
"656","(San Quentin SP)","SQ","117.7","3,082","3,626","4,006","3,626",NA,"420","../data/CA_prison_pop_reports/July_2015.pdf"
"657","(Salinas Valley SP)","SVSP","151.6","2,452","3,718","3,657","3,718",NA,"429","../data/CA_prison_pop_reports/July_2015.pdf"
"658","(Valley SP)","VSP","174.8","1,980","3,461","3,346","3,461",NA,"437","../data/CA_prison_pop_reports/July_2015.pdf"
"659","(Wasco SP)","WSP","166.0","2,984","4,953","4,997","4,953",NA,"446","../data/CA_prison_pop_reports/July_2015.pdf"
"660","Male Total","MALE","83,482","110,114","110,112","131.9","2","121,475","471","../data/CA_prison_pop_reports/July_2015.pdf"
"661","(Central CA Fac)","CCWF","149.9","2,004","3,004","3,513","3,004",NA,"514","../data/CA_prison_pop_reports/July_2015.pdf"
"662","(CA Institution for Women)","CIW","131.8","1,398","1,843","2,042","1,843",NA,"522","../data/CA_prison_pop_reports/July_2015.pdf"
"663","(Folsom SP)","FOL","112.9","403","455","483","455",NA,"531","../data/CA_prison_pop_reports/July_2015.pdf"
"664","Female Total","FEMALE","139.3","3,805","5,302","6,038","5,302",NA,"548","../data/CA_prison_pop_reports/July_2015.pdf"
"665","Total",NA,"87,287","115,416","115,414","132.2","2","127,513","591","../data/CA_prison_pop_reports/July_2015.pdf"
"666","(Avenal SP)","ASP","110.3","2,920","3,221","4,727","3,221",NA,"122","../data/CA_prison_pop_reports/July_2016.pdf"
"667","(Calipatria SP)","CAL","163.4","2,308","3,772","3,883","3,772",NA,"131","../data/CA_prison_pop_reports/July_2016.pdf"
"668","(CA Correctional Center)","CCC","97.7","3,883","3,795","4,872","3,795",NA,"139","../data/CA_prison_pop_reports/July_2016.pdf"
"669","(CA Correctional Institution)","CCI","118.6","2,783","3,300","4,406","3,300",NA,"148","../data/CA_prison_pop_reports/July_2016.pdf"
"670","(Centinela SP)","CEN","158.6","2,308","3,661","3,433","3,661",NA,"165","../data/CA_prison_pop_reports/July_2016.pdf"
"671","(CA Health Care Fac Stockton)","CHCF","78.1","2,951","2,305","2,951","2,305",NA,"173","../data/CA_prison_pop_reports/July_2016.pdf"
"672","(CA Institution for Men)","CIM","123.0","2,976","3,660","4,728","3,660",NA,"182","../data/CA_prison_pop_reports/July_2016.pdf"
"673","(CA Colony)","CMC","107.9","3,838","4,142","4,660","4,142",NA,"190","../data/CA_prison_pop_reports/July_2016.pdf"
"674","(CA Medical Fac)","CMF","109.5","2,361","2,586","2,774","2,586",NA,"207","../data/CA_prison_pop_reports/July_2016.pdf"
"675","(CA Corcoran)","COR","108.4","3,116","3,379","4,483","3,379",NA,"216","../data/CA_prison_pop_reports/July_2016.pdf"
"676","(CA Rehabilitation Center)","CRC","127.6","2,491","3,179","3,487","3,179",NA,"224","../data/CA_prison_pop_reports/July_2016.pdf"
"677","(Correctional Training Fac)","CTF","153.3","3,312","5,076","5,231","5,076",NA,"233","../data/CA_prison_pop_reports/July_2016.pdf"
"678","(Chuckawalla Valley SP)","CVSP","134.3","1,738","2,335","2,641","2,335",NA,"250","../data/CA_prison_pop_reports/July_2016.pdf"
"679","(Deuel Vocational Institution)","DVI","141.3","1,681","2,375","2,580","2,375",NA,"258","../data/CA_prison_pop_reports/July_2016.pdf"
"680","(Folsom SP)","FOL","125.6","2,066","2,595","2,895","2,595",NA,"267","../data/CA_prison_pop_reports/July_2016.pdf"
"681","(High Desert SP)","HDSP","161.2","2,324","3,746","3,461","3,746",NA,"275","../data/CA_prison_pop_reports/July_2016.pdf"
"682","(Ironwood SP)","ISP","144.5","2,200","3,178","3,200","3,178",NA,"292","../data/CA_prison_pop_reports/July_2016.pdf"
"683","(Kern Valley SP)","KVSP","159.6","2,448","3,907","3,910","3,907",NA,"301","../data/CA_prison_pop_reports/July_2016.pdf"
"684","(CA Los Angeles County)","LAC","152.2","2,300","3,500","3,575","3,500",NA,"309","../data/CA_prison_pop_reports/July_2016.pdf"
"685","(Mule Creek SP)","MCSP","106.2","3,284","3,486","4,343","3,486",NA,"318","../data/CA_prison_pop_reports/July_2016.pdf"
"686","(North Kern SP)","NKSP","151.7","2,694","4,086","4,529","4,086",NA,"335","../data/CA_prison_pop_reports/July_2016.pdf"
"687","(Pelican Bay SP)","PBSP","98.4","2,380","2,343","3,048","2,343",NA,"344","../data/CA_prison_pop_reports/July_2016.pdf"
"688","(Pleasant Valley SP)","PVSP","140.8","2,308","3,249","3,533","3,249",NA,"352","../data/CA_prison_pop_reports/July_2016.pdf"
"689","(RJ Donovan Correctional Fac)","RJD","138.5","2,200","3,047","3,305","3,047",NA,"361","../data/CA_prison_pop_reports/July_2016.pdf"
"690","(CA Sacramento)","SAC","128.5","1,828","2,349","2,312","2,349",NA,"378","../data/CA_prison_pop_reports/July_2016.pdf"
"691","(CA Substance Abuse Treat Fac)","SATF","155.5","3,424","5,324","5,495","5,325","1","386","../data/CA_prison_pop_reports/July_2016.pdf"
"692","(Sierra Conservation Center)","SCC","108.7","3,936","4,277","4,774","4,277",NA,"395","../data/CA_prison_pop_reports/July_2016.pdf"
"693","(CA Solano)","SOL","149.0","2,610","3,888","3,866","3,888",NA,"403","../data/CA_prison_pop_reports/July_2016.pdf"
"694","(San Quentin SP)","SQ","133.2","3,082","4,106","3,956","4,106",NA,"420","../data/CA_prison_pop_reports/July_2016.pdf"
"695","(Salinas Valley SP)","SVSP","153.3","2,452","3,759","3,657","3,759",NA,"429","../data/CA_prison_pop_reports/July_2016.pdf"
"696","(Valley SP)","VSP","172.0","1,980","3,405","3,358","3,405",NA,"437","../data/CA_prison_pop_reports/July_2016.pdf"
"697","(Wasco SP)","WSP","162.6","2,984","4,853","4,997","4,853",NA,"446","../data/CA_prison_pop_reports/July_2016.pdf"
"698","Male Total","MALE","85,166","111,885","111,884","131.4","1","123,070","471","../data/CA_prison_pop_reports/July_2016.pdf"
"699","(Central CA Fac)","CCWF","139.5","2,004","2,795","3,513","2,795",NA,"514","../data/CA_prison_pop_reports/July_2016.pdf"
"700","(CA Institution for Women)","CIW","134.0","1,398","1,874","2,038","1,874",NA,"522","../data/CA_prison_pop_reports/July_2016.pdf"
"701","(Folsom SP)","FOL","117.9","403","475","483","475",NA,"531","../data/CA_prison_pop_reports/July_2016.pdf"
"702","Female Total","FEMALE","135.2","3,805","5,144","6,034","5,144",NA,"548","../data/CA_prison_pop_reports/July_2016.pdf"
"703","Total",NA,"88,971","117,029","117,028","131.5","1","129,104","591","../data/CA_prison_pop_reports/July_2016.pdf"
"704","(Avenal SP)","ASP","148.2","2,920","4,326","4,370","4,326",NA,"122","../data/CA_prison_pop_reports/July_2018.pdf"
"705","(Calipatria SP)","CAL","154.5","2,308","3,566","3,333","3,566",NA,"131","../data/CA_prison_pop_reports/July_2018.pdf"
"706","(CA Correctional Center)","CCC","121.7","3,883","4,727","4,667","4,727",NA,"139","../data/CA_prison_pop_reports/July_2018.pdf"
"707","(CA Correctional Institution)","CCI","120.0","2,783","3,339","4,120","3,339",NA,"148","../data/CA_prison_pop_reports/July_2018.pdf"
"708","(Centinela SP)","CEN","145.0","2,308","3,346","3,333","3,346",NA,"165","../data/CA_prison_pop_reports/July_2018.pdf"
"709","(CA Health Care Fac Stockton)","CHCF","92.1","2,951","2,719","2,951","2,719",NA,"173","../data/CA_prison_pop_reports/July_2018.pdf"
"710","(CA Institution for Men)","CIM","125.3","2,976","3,730","4,186","3,730",NA,"182","../data/CA_prison_pop_reports/July_2018.pdf"
"711","(CA Colony)","CMC","101.5","3,838","3,894","4,379","3,894",NA,"190","../data/CA_prison_pop_reports/July_2018.pdf"
"712","(CA Medical Fac)","CMF","101.7","2,361","2,400","2,789","2,400",NA,"207","../data/CA_prison_pop_reports/July_2018.pdf"
"713","(CA Corcoran)","COR","103.7","3,116","3,232","4,270","3,232",NA,"216","../data/CA_prison_pop_reports/July_2018.pdf"
"714","(CA Rehabilitation Center)","CRC","99.1","2,491","2,469","3,210","2,469",NA,"224","../data/CA_prison_pop_reports/July_2018.pdf"
"715","(Correctional Training Fac)","CTF","161.1","3,312","5,335","4,887","5,335",NA,"233","../data/CA_prison_pop_reports/July_2018.pdf"
"716","(Chuckawalla Valley SP)","CVSP","167.1","1,738","2,904","2,478","2,904",NA,"250","../data/CA_prison_pop_reports/July_2018.pdf"
"717","(Deuel Vocational Institution)","DVI","121.2","1,681","2,037","2,353","2,037",NA,"258","../data/CA_prison_pop_reports/July_2018.pdf"
"718","(Folsom SP)","FOL","114.8","2,066","2,371","2,895","2,371",NA,"267","../data/CA_prison_pop_reports/July_2018.pdf"
"719","(High Desert SP)","HDSP","149.1","2,324","3,464","3,361","3,464",NA,"275","../data/CA_prison_pop_reports/July_2018.pdf"
"720","(Ironwood SP)","ISP","139.3","2,200","3,065","3,200","3,065",NA,"292","../data/CA_prison_pop_reports/July_2018.pdf"
"721","(Kern Valley SP)","KVSP","145.2","2,448","3,555","3,522","3,555",NA,"301","../data/CA_prison_pop_reports/July_2018.pdf"
"722","(CA Los Angeles County)","LAC","137.9","2,300","3,172","3,300","3,172",NA,"309","../data/CA_prison_pop_reports/July_2018.pdf"
"723","(Mule Creek SP)","MCSP","128.1","3,284","4,208","4,009","4,208",NA,"318","../data/CA_prison_pop_reports/July_2018.pdf"
"724","(North Kern SP)","NKSP","162.5","2,694","4,378","3,911","4,378",NA,"335","../data/CA_prison_pop_reports/July_2018.pdf"
"725","(Pelican Bay SP)","PBSP","110.3","2,380","2,624","3,250","2,624",NA,"344","../data/CA_prison_pop_reports/July_2018.pdf"
"726","(Pleasant Valley SP)","PVSP","131.2","2,308","3,028","3,333","3,028",NA,"352","../data/CA_prison_pop_reports/July_2018.pdf"
"727","(RJ Donovan Correctional Fac)","RJD","130.2","2,992","3,895","3,942","3,895",NA,"361","../data/CA_prison_pop_reports/July_2018.pdf"
"728","(CA Sacramento)","SAC","117.9","1,828","2,156","2,449","2,156",NA,"378","../data/CA_prison_pop_reports/July_2018.pdf"
"729","(CA Substance Abuse Treat Fac)","SATF","170.9","3,424","5,853","5,111","5,853",NA,"386","../data/CA_prison_pop_reports/July_2018.pdf"
"730","(Sierra Conservation Center)","SCC","108.1","3,936","4,253","4,660","4,253",NA,"395","../data/CA_prison_pop_reports/July_2018.pdf"
"731","(CA Solano)","SOL","154.9","2,610","4,044","3,882","4,044",NA,"403","../data/CA_prison_pop_reports/July_2018.pdf"
"732","(San Quentin SP)","SQ","143.0","3,082","4,408","3,988","4,408",NA,"420","../data/CA_prison_pop_reports/July_2018.pdf"
"733","(Salinas Valley SP)","SVSP","129.1","2,452","3,166","3,409","3,166",NA,"429","../data/CA_prison_pop_reports/July_2018.pdf"
"734","(Valley SP)","VSP","174.7","1,980","3,459","2,954","3,459",NA,"437","../data/CA_prison_pop_reports/July_2018.pdf"
"735","(Wasco SP)","WSP","167.4","2,984","4,994","4,351","4,994",NA,"446","../data/CA_prison_pop_reports/July_2018.pdf"
"736","Male Total","MALE","132.8","85,958","114,117","116,853","114,117",NA,"471","../data/CA_prison_pop_reports/July_2018.pdf"
"737","(Central CA Fac)","CCWF","144.0","2,004","2,886","2,966","2,886",NA,"514","../data/CA_prison_pop_reports/July_2018.pdf"
"738","(CA Institution for Women)","CIW","131.6","1,398","1,840","1,856","1,840",NA,"522","../data/CA_prison_pop_reports/July_2018.pdf"
"739","(Folsom SP)","FOL","111.2","403","448","530","448",NA,"531","../data/CA_prison_pop_reports/July_2018.pdf"
"740","Female Total","FEMALE","136.0","3,805","5,174","5,352","5,174",NA,"548","../data/CA_prison_pop_reports/July_2018.pdf"
"741","Total",NA,"132.9","89,763","119,291","122,205","119,291",NA,"591","../data/CA_prison_pop_reports/July_2018.pdf"
"742","Avenal State Prison","(ASP)","131.0","2,920","3,824","4,719",NA,NA,"184","../data/CA_prison_pop_reports/July_2020.pdf"
"743","Calipatria State Prison","(CAL)","128.0","2,308","2,955","3,451",NA,NA,"193","../data/CA_prison_pop_reports/July_2020.pdf"
"744","California Correctional Center","(CCC)","84.3","3,883","3,275","4,752",NA,NA,"202","../data/CA_prison_pop_reports/July_2020.pdf"
"745","California Correctional Institution","(CCI)","123.8","2,783","3,445","4,115",NA,NA,"211","../data/CA_prison_pop_reports/July_2020.pdf"
"746","Centinela State Prison","(CEN)","140.3","2,308","3,237","3,446",NA,NA,"227","../data/CA_prison_pop_reports/July_2020.pdf"
"747","California Health Care Facility Stockton","(CHCF)","87.3","2,951","2,575","3,111",NA,NA,"236","../data/CA_prison_pop_reports/July_2020.pdf"
"748","California Institution for Men","(CIM)","85.9","2,976","2,557","4,450",NA,NA,"245","../data/CA_prison_pop_reports/July_2020.pdf"
"749","California Colony","(CMC)","90.8","3,838","3,486","4,407",NA,NA,"254","../data/CA_prison_pop_reports/July_2020.pdf"
"750","California Medical Facility","(CMF)","93.5","2,361","2,207","2,981",NA,NA,"271","../data/CA_prison_pop_reports/July_2020.pdf"
"751","California State Corcoran","(COR)","110.8","3,116","3,453","4,476",NA,NA,"279","../data/CA_prison_pop_reports/July_2020.pdf"
"752","California Rehabilitation Center","(CRC)","113.9","2,491","2,837","3,262",NA,NA,"288","../data/CA_prison_pop_reports/July_2020.pdf"
"753","Correctional Training Facility","(CTF)","139.8","3,312","4,630","4,941",NA,NA,"297","../data/CA_prison_pop_reports/July_2020.pdf"
"754","Chuckawalla Valley State Prison","(CVSP)","121.7","1,738","2,116","2,578",NA,NA,"314","../data/CA_prison_pop_reports/July_2020.pdf"
"755","Deuel Vocational Institution","(DVI)","90.2","1,681","1,517","2,413",NA,NA,"322","../data/CA_prison_pop_reports/July_2020.pdf"
"756","Folsom State Prison","(FOL)","121.0","2,066","2,499","3,026",NA,NA,"332","../data/CA_prison_pop_reports/July_2020.pdf"
"757","High Desert State Prison","(HDSP)","148.9","2,324","3,461","3,461",NA,NA,"341","../data/CA_prison_pop_reports/July_2020.pdf"
"758","Ironwood State Prison","(ISP)","139.0","2,200","3,058","3,300",NA,NA,"357","../data/CA_prison_pop_reports/July_2020.pdf"
"759","Kern Valley State Prison","(KVSP)","146.2","2,448","3,580","3,622",NA,NA,"366","../data/CA_prison_pop_reports/July_2020.pdf"
"760","California State Los Angeles County","(LAC)","133.4","2,300","3,068","3,400",NA,NA,"375","../data/CA_prison_pop_reports/July_2020.pdf"
"761","Mule Creek State Prison","(MCSP)","119.3","3,284","3,917","4,207",NA,NA,"384","../data/CA_prison_pop_reports/July_2020.pdf"
"762","North Kern State Prison","(NKSP)","66.8","2,694","1,799","4,011",NA,NA,"400","../data/CA_prison_pop_reports/July_2020.pdf"
"763","Pelican Bay State Prison","(PBSP)","102.2","2,380","2,432","3,361",NA,NA,"409","../data/CA_prison_pop_reports/July_2020.pdf"
"764","Pleasant Valley State Prison","(PVSP)","130.7","2,308","3,016","3,535",NA,NA,"418","../data/CA_prison_pop_reports/July_2020.pdf"
"765","RJ Donovan Correctional Facility","(RJD)","121.8","2,992","3,645","4,038",NA,NA,"427","../data/CA_prison_pop_reports/July_2020.pdf"
"766","California State Sacramento","(SAC)","126.7","1,828","2,316","2,545",NA,NA,"443","../data/CA_prison_pop_reports/July_2020.pdf"
"767","California Substance Abuse Treatment Facility","(SATF)","136.5","3,424","4,674","5,111",NA,NA,"452","../data/CA_prison_pop_reports/July_2020.pdf"
"768","Sierra Conservation Center","(SCC)","95.9","3,836","3,678","4,570",NA,NA,"461","../data/CA_prison_pop_reports/July_2020.pdf"
"769","California State Solano","(SOL)","137.0","2,610","3,575","4,010",NA,NA,"470","../data/CA_prison_pop_reports/July_2020.pdf"
"770","San Quentin State Prison","(SQ)","102.5","3,082","3,158","4,636",NA,NA,"487","../data/CA_prison_pop_reports/July_2020.pdf"
"771","Salinas Valley State Prison","(SVSP)","114.9","2,452","2,817","3,509",NA,NA,"495","../data/CA_prison_pop_reports/July_2020.pdf"
"772","Valley State Prison","(VSP)","147.4","1,980","2,919","2,954",NA,NA,"504","../data/CA_prison_pop_reports/July_2020.pdf"
"773","Wasco State Prison","(WSP)","74.0","2,984","2,208","4,447",NA,NA,"513","../data/CA_prison_pop_reports/July_2020.pdf"
"774","Male","Total","114.1","85,858","97,934","120,845",NA,NA,"530","../data/CA_prison_pop_reports/July_2020.pdf"
"775","Central California Facility","(CCWF)","107.5","2,004","2,155","2,988",NA,NA,"572","../data/CA_prison_pop_reports/July_2020.pdf"
"776","California Institution for Women","(CIW)","92.7","1,398","1,296","1,877",NA,NA,"581","../data/CA_prison_pop_reports/July_2020.pdf"
"777","Folsom State Prison","(FOL)","34.2","403","138","530",NA,NA,"590","../data/CA_prison_pop_reports/July_2020.pdf"
"778","Female","Total","94.3","3,805","3,589","5,395",NA,NA,"604","../data/CA_prison_pop_reports/July_2020.pdf"
"779","Institution","Total","113.2","89,663","101,523","126,240",NA,NA,"636","../data/CA_prison_pop_reports/July_2020.pdf"
